#pragma once
#include "epd_driver.h"
/*
Created with
 epdiy/scripts/fontconvert.py GoogleSansFlex_18pt_Regular 18 font/GoogleSansFlex_24pt-Regular.ttf --string  0123456789ABCDEFGHIJKLMNOPQRSTUVWXYZabcdefghijklmnopqrstuvwxyz:.-/%()°
As 'GoogleSansFlex_18pt_Regular' with available 71 characters
 %()-./0123456789:ABCDEFGHIJKLMNOPQRSTUVWXYZabcdefghijklmnopqrstuvwxyz°
*/
uint8_t GoogleSansFlex_18pt_Regular_Bitmaps[17345] = {
    0x00, 0x00, 0x10, 0x13, 0x00, 0x00, 0x00, 0x00, 0x00, 0x00, 0x00, 0x06, 0x00, 0x00, 0x00, 0x00,
    0x70, 0xFE, 0xFF, 0x6D, 0x00, 0x00, 0x00, 0x00, 0x00, 0x50, 0xEF, 0x04, 0x00, 0x00, 0x00, 0xFC,
    0xFF, 0xFF, 0xFF, 0x0B, 0x00, 0x00, 0x00, 0x00, 0xE1, 0xFF, 0x04, 0x00, 0x00, 0xB0, 0xFF, 0x8E,
    0x96, 0xFF, 0xAF, 0x00, 0x00, 0x00, 0x00, 0xFA, 0x9F, 0x00, 0x00, 0x00, 0xF5, 0xDF, 0x01, 0x00,
    0xE2, 0xFF, 0x04, 0x00, 0x00, 0x50, 0xFF, 0x0E, 0x00, 0x00, 0x00, 0xFA, 0x4F, 0x00, 0x00, 0x50,
    0xFF, 0x09, 0x00, 0x00, 0xE1, 0xFF, 0x04, 0x00, 0x00, 0x00, 0xFD, 0x0F, 0x00, 0x00, 0x00, 0xFF,
    0x0C, 0x00, 0x00, 0xFA, 0x9F, 0x00, 0x00, 0x00, 0x00, 0xFE, 0x0F, 0x00, 0x00, 0x00, 0xFF, 0x0D,
    0x00, 0x50, 0xFF, 0x0E, 0x00, 0x00, 0x00, 0x00, 0xFC, 0x2F, 0x00, 0x00, 0x30, 0xFF, 0x0B, 0x00,
    0xE1, 0xFF, 0x04, 0x00, 0x00, 0x00, 0x00, 0xF7, 0xBF, 0x00, 0x00, 0xB0, 0xFF, 0x06, 0x00, 0xFB,
    0x9F, 0x00, 0x00, 0x00, 0x00, 0x00, 0xE1, 0xFF, 0x2A, 0x30, 0xFB, 0xDF, 0x00, 0x50, 0xFF, 0x0D,
    0x00, 0x00, 0x00, 0x00, 0x00, 0x40, 0xFF, 0xFF, 0xFF, 0xFF, 0x3F, 0x00, 0xE1, 0xFF, 0x04, 0x00,
    0x00, 0x00, 0x00, 0x00, 0x00, 0xD3, 0xFF, 0xFF, 0xCF, 0x02, 0x00, 0xFB, 0x9F, 0x00, 0x00, 0x00,
    0x00, 0x00, 0x00, 0x00, 0x00, 0x74, 0x79, 0x03, 0x00, 0x50, 0xFF, 0x0D, 0x00, 0x00, 0x00, 0x00,
    0x00, 0x00, 0x00, 0x00, 0x00, 0x00, 0x00, 0x00, 0xF1, 0xFF, 0x03, 0x00, 0x00, 0x00, 0x00, 0x00,
    0x00, 0x00, 0x00, 0x00, 0x00, 0x00, 0x00, 0xFB, 0x9F, 0x00, 0x00, 0x10, 0x23, 0x00, 0x00, 0x00,
    0x00, 0x00, 0x00, 0x00, 0x00, 0x60, 0xFF, 0x0D, 0x00, 0x50, 0xFD, 0xFF, 0x8E, 0x00, 0x00, 0x00,
    0x00, 0x00, 0x00, 0x00, 0xF1, 0xFF, 0x03, 0x00, 0xF9, 0xFF, 0xFF, 0xFF, 0x1D, 0x00, 0x00, 0x00,
    0x00, 0x00, 0x00, 0xFB, 0x9F, 0x00, 0x80, 0xFF, 0x9F, 0x86, 0xFE, 0xDF, 0x00, 0x00, 0x00, 0x00,
    0x00, 0x60, 0xFF, 0x0D, 0x00, 0xF1, 0xFF, 0x03, 0x00, 0xB0, 0xFF, 0x07, 0x00, 0x00, 0x00, 0x00,
    0xF1, 0xFF, 0x03, 0x00, 0xF7, 0x8F, 0x00, 0x00, 0x20, 0xFF, 0x0D, 0x00, 0x00, 0x00, 0x00, 0xFB,
    0x8F, 0x00, 0x00, 0xFA, 0x3F, 0x00, 0x00, 0x00, 0xFD, 0x0F, 0x00, 0x00, 0x00, 0x60, 0xFF, 0x0D,
    0x00, 0x00, 0xFA, 0x2F, 0x00, 0x00, 0x00, 0xFC, 0x0F, 0x00, 0x00, 0x00, 0xF2, 0xFF, 0x03, 0x00,
    0x00, 0xF8, 0x6F, 0x00, 0x00, 0x00, 0xFF, 0x0E, 0x00, 0x00, 0x00, 0xFB, 0x8F, 0x00, 0x00, 0x00,
    0xF4, 0xEF, 0x01, 0x00, 0x80, 0xFF, 0x0A, 0x00, 0x00, 0x60, 0xFF, 0x0D, 0x00, 0x00, 0x00, 0xC0,
    0xFF, 0x4D, 0x20, 0xF8, 0xFF, 0x02, 0x00, 0x00, 0xF2, 0xFF, 0x03, 0x00, 0x00, 0x00, 0x10, 0xFE,
    0xFF, 0xFF, 0xFF, 0x5F, 0x00, 0x00, 0x00, 0xE4, 0x8F, 0x00, 0x00, 0x00, 0x00, 0x00, 0xB1, 0xFF,
    0xFF, 0xEF, 0x04, 0x00, 0x00, 0x00, 0x10, 0x08, 0x00, 0x00, 0x00, 0x00, 0x00, 0x00, 0x73, 0x89,
    0x05, 0x00, 0x00, 0x00, 0x00, 0x00, 0x00, 0x00, 0x00, 0x00, 0x00, 0xB4, 0x01, 0x00, 0x00, 0x10,
    0xFE, 0x3E, 0x00, 0x00, 0xB0, 0xFF, 0x0D, 0x00, 0x00, 0xF5, 0xFF, 0x03, 0x00, 0x00, 0xFE, 0x8F,
    0x00, 0x00, 0x80, 0xFF, 0x0E, 0x00, 0x00, 0xF1, 0xFF, 0x05, 0x00, 0x00, 0xF8, 0xDF, 0x00, 0x00,
    0x00, 0xFE, 0x6F, 0x00, 0x00, 0x40, 0xFF, 0x0F, 0x00, 0x00, 0xA0, 0xFF, 0x09, 0x00, 0x00, 0xE0,
    0xFF, 0x04, 0x00, 0x00, 0xF2, 0xFF, 0x00, 0x00, 0x00, 0xF5, 0xDF, 0x00, 0x00, 0x00, 0xF7, 0xBF,
    0x00, 0x00, 0x00, 0xF9, 0x9F, 0x00, 0x00, 0x00, 0xFA, 0x8F, 0x00, 0x00, 0x00, 0xFA, 0x8F, 0x00,
    0x00, 0x00, 0xFA, 0x8F, 0x00, 0x00, 0x00, 0xF9, 0x9F, 0x00, 0x00, 0x00, 0xF7, 0xBF, 0x00, 0x00,
    0x00, 0xF5, 0xDF, 0x00, 0x00, 0x00, 0xF2, 0xFF, 0x01, 0x00, 0x00, 0xE0, 0xFF, 0x04, 0x00, 0x00,
    0xA0, 0xFF, 0x09, 0x00, 0x00, 0x40, 0xFF, 0x0F, 0x00, 0x00, 0x00, 0xFE, 0x6F, 0x00, 0x00, 0x00,
    0xF8, 0xDF, 0x00, 0x00, 0x00, 0xF1, 0xFF, 0x05, 0x00, 0x00, 0x80, 0xFF, 0x0E, 0x00, 0x00, 0x00,
    0xFE, 0x8F, 0x00, 0x00, 0x00, 0xF5, 0xFF, 0x03, 0x00, 0x00, 0xB0, 0xFF, 0x0D, 0x00, 0x00, 0x10,
    0xFE, 0x3E, 0x00, 0x00, 0x00, 0xB4, 0x01, 0x00, 0x00, 0x00, 0x00, 0x00, 0x00, 0x88, 0x00, 0x00,
    0x00, 0xD0, 0xFF, 0x04, 0x00, 0x00, 0x90, 0xFF, 0x1E, 0x00, 0x00, 0x00, 0xFD, 0x9F, 0x00, 0x00,
    0x00, 0xF4, 0xFF, 0x03, 0x00, 0x00, 0xA0, 0xFF, 0x0C, 0x00, 0x00, 0x10, 0xFF, 0x5F, 0x00, 0x00,
    0x00, 0xF9, 0xCF, 0x00, 0x00, 0x00, 0xF1, 0xFF, 0x03, 0x00, 0x00, 0xB0, 0xFF, 0x09, 0x00, 0x00,
    0x50, 0xFF, 0x0E, 0x00, 0x00, 0x00, 0xFF, 0x2F, 0x00, 0x00, 0x00, 0xFC, 0x6F, 0x00, 0x00, 0x00,
    0xF9, 0x9F, 0x00, 0x00, 0x00, 0xF6, 0xCF, 0x00, 0x00, 0x00, 0xF4, 0xDF, 0x00, 0x00, 0x00, 0xF3,
    0xEF, 0x00, 0x00, 0x00, 0xF3, 0xEF, 0x00, 0x00, 0x00, 0xF3, 0xEF, 0x00, 0x00, 0x00, 0xF4, 0xDF,
    0x00, 0x00, 0x00, 0xF6, 0xCF, 0x00, 0x00, 0x00, 0xF9, 0x9F, 0x00, 0x00, 0x00, 0xFC, 0x6F, 0x00,
    0x00, 0x00, 0xFF, 0x2F, 0x00, 0x00, 0x50, 0xFF, 0x0E, 0x00, 0x00, 0xB0, 0xFF, 0x09, 0x00, 0x00,
    0xF1, 0xFF, 0x03, 0x00, 0x00, 0xF9, 0xCF, 0x00, 0x00, 0x10, 0xFF, 0x4F, 0x00, 0x00, 0xA0, 0xFF,
    0x0C, 0x00, 0x00, 0xF4, 0xFF, 0x03, 0x00, 0x00, 0xFD, 0x9F, 0x00, 0x00, 0x90, 0xFF, 0x1E, 0x00,
    0x00, 0xD0, 0xFF, 0x04, 0x00, 0x00, 0x00, 0x88, 0x00, 0x00, 0x00, 0xB2, 0xBB, 0xBB, 0xBB, 0xBB,
    0x8B, 0xF3, 0xFF, 0xFF, 0xFF, 0xFF, 0xCF, 0xE3, 0xEE, 0xEE, 0xEE, 0xEE, 0xBE, 0x40, 0x47, 0x00,
    0xF7, 0xFF, 0x06, 0xFE, 0xFF, 0x0C, 0xFD, 0xFF, 0x0B, 0xF4, 0xEF, 0x03, 0x00, 0x03, 0x00, 0x00,
    0x00, 0x00, 0x00, 0xDA, 0x0D, 0x00, 0x00, 0x00, 0x10, 0xFF, 0x0C, 0x00, 0x00, 0x00, 0x60, 0xFF,
    0x07, 0x00, 0x00, 0x00, 0xB0, 0xFF, 0x02, 0x00, 0x00, 0x00, 0xF0, 0xDF, 0x00, 0x00, 0x00, 0x00,
    0xF5, 0x8F, 0x00, 0x00, 0x00, 0x00, 0xF9, 0x3F, 0x00, 0x00, 0x00, 0x00, 0xFE, 0x0E, 0x00, 0x00,
    0x00, 0x30, 0xFF, 0x0A, 0x00, 0x00, 0x00, 0x80, 0xFF, 0x05, 0x00, 0x00, 0x00, 0xD0, 0xFF, 0x00,
    0x00, 0x00, 0x00, 0xF2, 0xBF, 0x00, 0x00, 0x00, 0x00, 0xF7, 0x6F, 0x00, 0x00, 0x00, 0x00, 0xFC,
    0x1F, 0x00, 0x00, 0x00, 0x10, 0xFF, 0x0C, 0x00, 0x00, 0x00, 0x60, 0xFF, 0x07, 0x00, 0x00, 0x00,
    0xB0, 0xFF, 0x03, 0x00, 0x00, 0x00, 0xF0, 0xEF, 0x00, 0x00, 0x00, 0x00, 0xF4, 0x9F, 0x00, 0x00,
    0x00, 0x00, 0xF9, 0x4F, 0x00, 0x00, 0x00, 0x00, 0xFE, 0x0F, 0x00, 0x00, 0x00, 0x30, 0xFF, 0x0A,
    0x00, 0x00, 0x00, 0x80, 0xFF, 0x05, 0x00, 0x00, 0x00, 0xD0, 0xFF, 0x01, 0x00, 0x00, 0x00, 0xF2,
    0xBF, 0x00, 0x00, 0x00, 0x00, 0xF7, 0x7F, 0x00, 0x00, 0x00, 0x00, 0xFC, 0x2F, 0x00, 0x00, 0x00,
    0x00, 0x00, 0x00, 0x00, 0x00, 0x51, 0x66, 0x15, 0x00, 0x00, 0x00, 0x00, 0x00, 0x00, 0x00, 0xC4,
    0xFF, 0xFF, 0xFF, 0x4C, 0x00, 0x00, 0x00, 0x00, 0x00, 0x80, 0xFF, 0xFF, 0xFF, 0xFF, 0xFF, 0x09,
    0x00, 0x00, 0x00, 0x00, 0xF9, 0xFF, 0xCF, 0x9A, 0xFC, 0xFF, 0xAF, 0x00, 0x00, 0x00, 0x60, 0xFF,
    0xBF, 0x02, 0x00, 0x10, 0xFB, 0xFF, 0x07, 0x00, 0x00, 0xF1, 0xFF, 0x0A, 0x00, 0x00, 0x00, 0x90,
    0xFF, 0x2F, 0x00, 0x00, 0xF9, 0xEF, 0x00, 0x00, 0x00, 0x00, 0x00, 0xFD, 0xAF, 0x00, 0x00, 0xFF,
    0x6F, 0x00, 0x00, 0x00, 0x00, 0x00, 0xF4, 0xFF, 0x01, 0x50, 0xFF, 0x0E, 0x00, 0x00, 0x00, 0x00,
    0x00, 0xE0, 0xFF, 0x06, 0x90, 0xFF, 0x0A, 0x00, 0x00, 0x00, 0x00, 0x00, 0x90, 0xFF, 0x0A, 0xC0,
    0xFF, 0x06, 0x00, 0x00, 0x00, 0x00, 0x00, 0x50, 0xFF, 0x0E, 0xF0, 0xFF, 0x04, 0x00, 0x00, 0x00,
    0x00, 0x00, 0x20, 0xFF, 0x0F, 0xF1, 0xFF, 0x02, 0x00, 0x00, 0x00, 0x00, 0x00, 0x00, 0xFF, 0x2F,
    0xF2, 0xFF, 0x01, 0x00, 0x00, 0x00, 0x00, 0x00, 0x00, 0xFF, 0x3F, 0xF2, 0xFF, 0x00, 0x00, 0x00,
    0x00, 0x00, 0x00, 0x00, 0xFF, 0x3F, 0xF2, 0xFF, 0x01, 0x00, 0x00, 0x00, 0x00, 0x00, 0x00, 0xFF,
    0x3F, 0xF1, 0xFF, 0x02, 0x00, 0x00, 0x00, 0x00, 0x00, 0x00, 0xFF, 0x2F, 0xF0, 0xFF, 0x03, 0x00,
    0x00, 0x00, 0x00, 0x00, 0x20, 0xFF, 0x0F, 0xD0, 0xFF, 0x06, 0x00, 0x00, 0x00, 0x00, 0x00, 0x50,
    0xFF, 0x0E, 0xA0, 0xFF, 0x09, 0x00, 0x00, 0x00, 0x00, 0x00, 0x80, 0xFF, 0x0B, 0x50, 0xFF, 0x0E,
    0x00, 0x00, 0x00, 0x00, 0x00, 0xD0, 0xFF, 0x07, 0x10, 0xFF, 0x4F, 0x00, 0x00, 0x00, 0x00, 0x00,
    0xF3, 0xFF, 0x01, 0x00, 0xFA, 0xDF, 0x00, 0x00, 0x00, 0x00, 0x00, 0xFC, 0xBF, 0x00, 0x00, 0xF2,
    0xFF, 0x08, 0x00, 0x00, 0x00, 0x70, 0xFF, 0x3F, 0x00, 0x00, 0x80, 0xFF, 0x9F, 0x00, 0x00, 0x00,
    0xF8, 0xFF, 0x09, 0x00, 0x00, 0x00, 0xFB, 0xFF, 0xAE, 0x77, 0xE9, 0xFF, 0xCF, 0x00, 0x00, 0x00,
    0x00, 0xB0, 0xFF, 0xFF, 0xFF, 0xFF, 0xFF, 0x0B, 0x00, 0x00, 0x00, 0x00, 0x00, 0xE6, 0xFF, 0xFF,
    0xFF, 0x6E, 0x00, 0x00, 0x00, 0x00, 0x00, 0x00, 0x00, 0x73, 0x88, 0x37, 0x00, 0x00, 0x00, 0x00,
    0x00, 0x00, 0x00, 0xB2, 0x7D, 0x00, 0x00, 0x60, 0xFF, 0x9F, 0x00, 0x10, 0xFA, 0xFF, 0x9F, 0x00,
    0xE4, 0xFF, 0xFF, 0x9F, 0x80, 0xFF, 0xFF, 0xFE, 0x9F, 0xF9, 0xFF, 0x3D, 0xF9, 0x9F, 0xF2, 0xAF,
    0x00, 0xF9, 0x9F, 0x60, 0x05, 0x00, 0xF9, 0x9F, 0x00, 0x00, 0x00, 0xF9, 0x9F, 0x00, 0x00, 0x00,
    0xF9, 0x9F, 0x00, 0x00, 0x00, 0xF9, 0x9F, 0x00, 0x00, 0x00, 0xF9, 0x9F, 0x00, 0x00, 0x00, 0xF9,
    0x9F, 0x00, 0x00, 0x00, 0xF9, 0x9F, 0x00, 0x00, 0x00, 0xF9, 0x9F, 0x00, 0x00, 0x00, 0xF9, 0x9F,
    0x00, 0x00, 0x00, 0xF9, 0x9F, 0x00, 0x00, 0x00, 0xF9, 0x9F, 0x00, 0x00, 0x00, 0xF9, 0x9F, 0x00,
    0x00, 0x00, 0xF9, 0x9F, 0x00, 0x00, 0x00, 0xF9, 0x9F, 0x00, 0x00, 0x00, 0xF9, 0x9F, 0x00, 0x00,
    0x00, 0xF9, 0x9F, 0x00, 0x00, 0x00, 0xF9, 0x9F, 0x00, 0x00, 0x00, 0xF9, 0x9F, 0x00, 0x00, 0x00,
    0xF9, 0x9F, 0x00, 0x00, 0x00, 0xF9, 0x9F, 0x00, 0x00, 0x00, 0x53, 0x66, 0x14, 0x00, 0x00, 0x00,
    0x00, 0x00, 0xE7, 0xFF, 0xFF, 0xFF, 0x2A, 0x00, 0x00, 0x00, 0xB0, 0xFF, 0xFF, 0xFF, 0xFF, 0xFF,
    0x04, 0x00, 0x00, 0xFB, 0xFF, 0xBF, 0xA9, 0xFD, 0xFF, 0x3F, 0x00, 0x60, 0xFF, 0xAF, 0x01, 0x00,
    0x50, 0xFF, 0xCF, 0x00, 0xE0, 0xFF, 0x0B, 0x00, 0x00, 0x00, 0xF5, 0xFF, 0x03, 0x80, 0xFE, 0x01,
    0x00, 0x00, 0x00, 0xD0, 0xFF, 0x08, 0x00, 0x20, 0x00, 0x00, 0x00, 0x00, 0xA0, 0xFF, 0x09, 0x00,
    0x00, 0x00, 0x00, 0x00, 0x00, 0xA0, 0xFF, 0x09, 0x00, 0x00, 0x00, 0x00, 0x00, 0x00, 0xD0, 0xFF,
    0x07, 0x00, 0x00, 0x00, 0x00, 0x00, 0x00, 0xF2, 0xFF, 0x03, 0x00, 0x00, 0x00, 0x00, 0x00, 0x00,
    0xFA, 0xDF, 0x00, 0x00, 0x00, 0x00, 0x00, 0x00, 0x50, 0xFF, 0x6F, 0x00, 0x00, 0x00, 0x00, 0x00,
    0x00, 0xF2, 0xFF, 0x0C, 0x00, 0x00, 0x00, 0x00, 0x00, 0x10, 0xFD, 0xFF, 0x02, 0x00, 0x00, 0x00,
    0x00, 0x00, 0xC0, 0xFF, 0x4F, 0x00, 0x00, 0x00, 0x00, 0x00, 0x00, 0xFB, 0xFF, 0x06, 0x00, 0x00,
    0x00, 0x00, 0x00, 0xA0, 0xFF, 0x7F, 0x00, 0x00, 0x00, 0x00, 0x00, 0x00, 0xF8, 0xFF, 0x08, 0x00,
    0x00, 0x00, 0x00, 0x00, 0x70, 0xFF, 0x9F, 0x00, 0x00, 0x00, 0x00, 0x00, 0x00, 0xF5, 0xFF, 0x0A,
    0x00, 0x00, 0x00, 0x00, 0x00, 0x40, 0xFF, 0xBF, 0x00, 0x00, 0x00, 0x00, 0x00, 0x00, 0xF3, 0xFF,
    0x0C, 0x00, 0x00, 0x00, 0x00, 0x00, 0x20, 0xFE, 0xDF, 0x01, 0x00, 0x00, 0x00, 0x00, 0x00, 0xE1,
    0xFF, 0x1E, 0x00, 0x00, 0x00, 0x00, 0x00, 0x00, 0xF5, 0xFF, 0xFF, 0xFF, 0xFF, 0xFF, 0xFF, 0xFF,
    0x0E, 0xF5, 0xFF, 0xFF, 0xFF, 0xFF, 0xFF, 0xFF, 0xFF, 0x0E, 0xF5, 0xFF, 0xFF, 0xFF, 0xFF, 0xFF,
    0xFF, 0xFF, 0x0E, 0x00, 0x00, 0x00, 0x52, 0x66, 0x14, 0x00, 0x00, 0x00, 0x00, 0x00, 0xD4, 0xFF,
    0xFF, 0xFF, 0x3B, 0x00, 0x00, 0x00, 0x80, 0xFF, 0xFF, 0xFF, 0xFF, 0xFF, 0x06, 0x00, 0x00, 0xF7,
    0xFF, 0xBF, 0xA9, 0xFE, 0xFF, 0x4F, 0x00, 0x20, 0xFF, 0xDF, 0x02, 0x00, 0x60, 0xFF, 0xDF, 0x00,
    0xB0, 0xFF, 0x1E, 0x00, 0x00, 0x00, 0xF6, 0xFF, 0x02, 0x40, 0xFB, 0x06, 0x00, 0x00, 0x00, 0xE0,
    0xFF, 0x06, 0x00, 0x30, 0x00, 0x00, 0x00, 0x00, 0xC0, 0xFF, 0x07, 0x00, 0x00, 0x00, 0x00, 0x00,
    0x00, 0xC0, 0xFF, 0x06, 0x00, 0x00, 0x00, 0x00, 0x00, 0x00, 0xF0, 0xFF, 0x04, 0x00, 0x00, 0x00,
    0x00, 0x00, 0x00, 0xF8, 0xEF, 0x00, 0x00, 0x00, 0x00, 0x00, 0x00, 0x70, 0xFF, 0x7F, 0x00, 0x00,
    0x00, 0x00, 0x95, 0xA9, 0xFE, 0xFF, 0x09, 0x00, 0x00, 0x00, 0x00, 0xF9, 0xFF, 0xFF, 0x5E, 0x00,
    0x00, 0x00, 0x00, 0x00, 0xF9, 0xFF, 0xFF, 0xCF, 0x03, 0x00, 0x00, 0x00, 0x00, 0x63, 0x76, 0xFA,
    0xFF, 0x5F, 0x00, 0x00, 0x00, 0x00, 0x00, 0x00, 0x10, 0xFB, 0xFF, 0x03, 0x00, 0x00, 0x00, 0x00,
    0x00, 0x00, 0xC0, 0xFF, 0x0B, 0x00, 0x00, 0x00, 0x00, 0x00, 0x00, 0x30, 0xFF, 0x1F, 0x00, 0x00,
    0x00, 0x00, 0x00, 0x00, 0x00, 0xFF, 0x4F, 0x00, 0x20, 0x00, 0x00, 0x00, 0x00, 0x00, 0xFE, 0x5F,
    0x92, 0xBF, 0x00, 0x00, 0x00, 0x00, 0x00, 0xFF, 0x4F, 0xF4, 0xFF, 0x03, 0x00, 0x00, 0x00, 0x40,
    0xFF, 0x1F, 0xD0, 0xFF, 0x0D, 0x00, 0x00, 0x00, 0xD0, 0xFF, 0x0D, 0x40, 0xFF, 0xCF, 0x01, 0x00,
    0x10, 0xFB, 0xFF, 0x05, 0x00, 0xFA, 0xFF, 0xAF, 0x77, 0xFA, 0xFF, 0xAF, 0x00, 0x00, 0xB0, 0xFF,
    0xFF, 0xFF, 0xFF, 0xFF, 0x0A, 0x00, 0x00, 0x00, 0xE6, 0xFF, 0xFF, 0xFF, 0x5D, 0x00, 0x00, 0x00,
    0x00, 0x00, 0x74, 0x89, 0x37, 0x00, 0x00, 0x00, 0x00, 0x00, 0x00, 0x00, 0x00, 0x00, 0xD4, 0xDD,
    0x03, 0x00, 0x00, 0x00, 0x00, 0x00, 0x00, 0x10, 0xFE, 0xFF, 0x04, 0x00, 0x00, 0x00, 0x00, 0x00,
    0x00, 0xA0, 0xFF, 0xFF, 0x04, 0x00, 0x00, 0x00, 0x00, 0x00, 0x00, 0xF5, 0xFF, 0xFF, 0x04, 0x00,
    0x00, 0x00, 0x00, 0x00, 0x10, 0xFE, 0xFF, 0xFF, 0x04, 0x00, 0x00, 0x00, 0x00, 0x00, 0xA0, 0xFF,
    0xEA, 0xFF, 0x04, 0x00, 0x00, 0x00, 0x00, 0x00, 0xF5, 0xEF, 0xE1, 0xFF, 0x04, 0x00, 0x00, 0x00,
    0x00, 0x10, 0xFE, 0x4F, 0xE0, 0xFF, 0x04, 0x00, 0x00, 0x00, 0x00, 0xA0, 0xFF, 0x09, 0xE0, 0xFF,
    0x04, 0x00, 0x00, 0x00, 0x00, 0xF5, 0xEF, 0x00, 0xE0, 0xFF, 0x04, 0x00, 0x00, 0x00, 0x10, 0xFE,
    0x4F, 0x00, 0xE0, 0xFF, 0x04, 0x00, 0x00, 0x00, 0xB0, 0xFF, 0x09, 0x00, 0xE0, 0xFF, 0x04, 0x00,
    0x00, 0x00, 0xF6, 0xDF, 0x00, 0x00, 0xE0, 0xFF, 0x04, 0x00, 0x00, 0x10, 0xFF, 0x3F, 0x00, 0x00,
    0xE0, 0xFF, 0x04, 0x00, 0x00, 0xB0, 0xFF, 0x08, 0x00, 0x00, 0xE0, 0xFF, 0x04, 0x00, 0x00, 0xF6,
    0xDF, 0x00, 0x00, 0x00, 0xE0, 0xFF, 0x04, 0x00, 0x10, 0xFF, 0x3F, 0x00, 0x00, 0x00, 0xE0, 0xFF,
    0x04, 0x00, 0xB0, 0xFF, 0x07, 0x00, 0x00, 0x00, 0xE0, 0xFF, 0x04, 0x00, 0xF5, 0xFF, 0xEE, 0xEE,
    0xEE, 0xEE, 0xFE, 0xFF, 0xEE, 0x5E, 0xF8, 0xFF, 0xFF, 0xFF, 0xFF, 0xFF, 0xFF, 0xFF, 0xFF, 0x5F,
    0xF8, 0xFF, 0xFF, 0xFF, 0xFF, 0xFF, 0xFF, 0xFF, 0xFF, 0x5F, 0x10, 0x11, 0x11, 0x11, 0x11, 0x11,
    0xE1, 0xFF, 0x15, 0x01, 0x00, 0x00, 0x00, 0x00, 0x00, 0x00, 0xE0, 0xFF, 0x04, 0x00, 0x00, 0x00,
    0x00, 0x00, 0x00, 0x00, 0xE0, 0xFF, 0x04, 0x00, 0x00, 0x00, 0x00, 0x00, 0x00, 0x00, 0xE0, 0xFF,
    0x04, 0x00, 0x00, 0x00, 0x00, 0x00, 0x00, 0x00, 0xE0, 0xFF, 0x04, 0x00, 0x00, 0x00, 0x00, 0x00,
    0x00, 0x00, 0xE0, 0xFF, 0x04, 0x00, 0x00, 0xB0, 0xDD, 0xDD, 0xDD, 0xDD, 0xDD, 0xDD, 0x08, 0x00,
    0x00, 0xF0, 0xFF, 0xFF, 0xFF, 0xFF, 0xFF, 0xFF, 0x09, 0x00, 0x00, 0xF1, 0xFF, 0xFF, 0xFF, 0xFF,
    0xFF, 0xFF, 0x09, 0x00, 0x00, 0xF3, 0xCF, 0x22, 0x22, 0x22, 0x22, 0x22, 0x01, 0x00, 0x00, 0xF5,
    0xAF, 0x00, 0x00, 0x00, 0x00, 0x00, 0x00, 0x00, 0x00, 0xF7, 0x8F, 0x00, 0x00, 0x00, 0x00, 0x00,
    0x00, 0x00, 0x00, 0xF9, 0x6F, 0x00, 0x00, 0x00, 0x00, 0x00, 0x00, 0x00, 0x00, 0xFB, 0x4F, 0x00,
    0x00, 0x00, 0x00, 0x00, 0x00, 0x00, 0x00, 0xFD, 0x2F, 0x00, 0x00, 0x00, 0x00, 0x00, 0x00, 0x00,
    0x00, 0xFF, 0x0F, 0x00, 0x00, 0x00, 0x00, 0x00, 0x00, 0x00, 0x10, 0xFF, 0x0E, 0x93, 0xED, 0xDE,
    0x39, 0x00, 0x00, 0x00, 0x30, 0xFF, 0xAD, 0xFF, 0xFF, 0xFF, 0xFF, 0x1A, 0x00, 0x00, 0x50, 0xFF,
    0xFF, 0xFF, 0xFF, 0xFF, 0xFF, 0xDF, 0x01, 0x00, 0x70, 0xFF, 0xFF, 0x5C, 0x01, 0x51, 0xFC, 0xFF,
    0x0B, 0x00, 0x20, 0xE9, 0x8F, 0x00, 0x00, 0x00, 0x90, 0xFF, 0x5F, 0x00, 0x00, 0x00, 0x04, 0x00,
    0x00, 0x00, 0x00, 0xFB, 0xCF, 0x00, 0x00, 0x00, 0x00, 0x00, 0x00, 0x00, 0x00, 0xF4, 0xFF, 0x01,
    0x00, 0x00, 0x00, 0x00, 0x00, 0x00, 0x00, 0xF0, 0xFF, 0x04, 0x00, 0x00, 0x00, 0x00, 0x00, 0x00,
    0x00, 0xE0, 0xFF, 0x05, 0x00, 0x53, 0x00, 0x00, 0x00, 0x00, 0x00, 0xE0, 0xFF, 0x04, 0xD2, 0xFF,
    0x01, 0x00, 0x00, 0x00, 0x00, 0xF1, 0xFF, 0x02, 0xE0, 0xFF, 0x08, 0x00, 0x00, 0x00, 0x00, 0xF7,
    0xEF, 0x00, 0x70, 0xFF, 0x2F, 0x00, 0x00, 0x00, 0x20, 0xFF, 0x8F, 0x00, 0x00, 0xFE, 0xEF, 0x03,
    0x00, 0x00, 0xE3, 0xFF, 0x1E, 0x00, 0x00, 0xF4, 0xFF, 0xCF, 0x78, 0xC8, 0xFF, 0xFF, 0x04, 0x00,
    0x00, 0x50, 0xFF, 0xFF, 0xFF, 0xFF, 0xFF, 0x5F, 0x00, 0x00, 0x00, 0x00, 0xB2, 0xFF, 0xFF, 0xFF,
    0xBF, 0x02, 0x00, 0x00, 0x00, 0x00, 0x00, 0x62, 0x98, 0x68, 0x01, 0x00, 0x00, 0x00, 0x00, 0x00,
    0x00, 0x00, 0x00, 0x30, 0x00, 0x00, 0x00, 0x00, 0x00, 0x00, 0x00, 0x00, 0x00, 0xF3, 0x1B, 0x00,
    0x00, 0x00, 0x00, 0x00, 0x00, 0x00, 0x00, 0xFE, 0xBF, 0x00, 0x00, 0x00, 0x00, 0x00, 0x00, 0x00,
    0xA0, 0xFF, 0x2F, 0x00, 0x00, 0x00, 0x00, 0x00, 0x00, 0x00, 0xF5, 0xFF, 0x06, 0x00, 0x00, 0x00,
    0x00, 0x00, 0x00, 0x20, 0xFF, 0xAF, 0x00, 0x00, 0x00, 0x00, 0x00, 0x00, 0x00, 0xC0, 0xFF, 0x1E,
    0x00, 0x00, 0x00, 0x00, 0x00, 0x00, 0x00, 0xF7, 0xFF, 0x04, 0x00, 0x00, 0x00, 0x00, 0x00, 0x00,
    0x30, 0xFF, 0x8F, 0x00, 0x00, 0x00, 0x00, 0x00, 0x00, 0x00, 0xD0, 0xFF, 0x0C, 0x00, 0x00, 0x00,
    0x00, 0x00, 0x00, 0x00, 0xF9, 0xFF, 0x02, 0x00, 0x00, 0x00, 0x00, 0x00, 0x00, 0x40, 0xFF, 0xAF,
    0xB9, 0xBC, 0x38, 0x00, 0x00, 0x00, 0x00, 0xD0, 0xFF, 0xFF, 0xFF, 0xFF, 0xFF, 0x1B, 0x00, 0x00,
    0x00, 0xF7, 0xFF, 0xFF, 0xFF, 0xFF, 0xFF, 0xEF, 0x02, 0x00, 0x10, 0xFE, 0xFF, 0x7E, 0x12, 0x51,
    0xFB, 0xFF, 0x1E, 0x00, 0x70, 0xFF, 0xBF, 0x00, 0x00, 0x00, 0x60, 0xFF, 0x9F, 0x00, 0xD0, 0xFF,
    0x0D, 0x00, 0x00, 0x00, 0x00, 0xF8, 0xFF, 0x01, 0xF1, 0xFF, 0x04, 0x00, 0x00, 0x00, 0x00, 0xF0,
    0xFF, 0x05, 0xF3, 0xFF, 0x00, 0x00, 0x00, 0x00, 0x00, 0xB0, 0xFF, 0x08, 0xF4, 0xDF, 0x00, 0x00,
    0x00, 0x00, 0x00, 0x90, 0xFF, 0x09, 0xF4, 0xEF, 0x00, 0x00, 0x00, 0x00, 0x00, 0x90, 0xFF, 0x09,
    0xF2, 0xFF, 0x01, 0x00, 0x00, 0x00, 0x00, 0xC0, 0xFF, 0x06, 0xE0, 0xFF, 0x07, 0x00, 0x00, 0x00,
    0x00, 0xF2, 0xFF, 0x02, 0x80, 0xFF, 0x2F, 0x00, 0x00, 0x00, 0x00, 0xFC, 0xCF, 0x00, 0x10, 0xFE,
    0xEF, 0x04, 0x00, 0x00, 0xC1, 0xFF, 0x3F, 0x00, 0x00, 0xF4, 0xFF, 0xDF, 0x78, 0xB7, 0xFF, 0xFF,
    0x07, 0x00, 0x00, 0x50, 0xFF, 0xFF, 0xFF, 0xFF, 0xFF, 0x7F, 0x00, 0x00, 0x00, 0x00, 0xA2, 0xFF,
    0xFF, 0xFF, 0xCF, 0x03, 0x00, 0x00, 0x00, 0x00, 0x00, 0x51, 0x98, 0x68, 0x02, 0x00, 0x00, 0x00,
    0xDD, 0xDD, 0xDD, 0xDD, 0xDD, 0xDD, 0xDD, 0xDD, 0x09, 0xFF, 0xFF, 0xFF, 0xFF, 0xFF, 0xFF, 0xFF,
    0xFF, 0x0B, 0xFF, 0xFF, 0xFF, 0xFF, 0xFF, 0xFF, 0xFF, 0xFF, 0x0B, 0x22, 0x22, 0x22, 0x22, 0x22,
    0x22, 0xD2, 0xFF, 0x09, 0x00, 0x00, 0x00, 0x00, 0x00, 0x00, 0xF4, 0xFF, 0x01, 0x00, 0x00, 0x00,
    0x00, 0x00, 0x00, 0xFD, 0x8F, 0x00, 0x00, 0x00, 0x00, 0x00, 0x00, 0x50, 0xFF, 0x1F, 0x00, 0x00,
    0x00, 0x00, 0x00, 0x00, 0xD0, 0xFF, 0x08, 0x00, 0x00, 0x00, 0x00, 0x00, 0x00, 0xF6, 0xEF, 0x01,
    0x00, 0x00, 0x00, 0x00, 0x00, 0x00, 0xFE, 0x7F, 0x00, 0x00, 0x00, 0x00, 0x00, 0x00, 0x70, 0xFF,
    0x0E, 0x00, 0x00, 0x00, 0x00, 0x00, 0x00, 0xE1, 0xFF, 0x06, 0x00, 0x00, 0x00, 0x00, 0x00, 0x00,
    0xF8, 0xEF, 0x00, 0x00, 0x00, 0x00, 0x00, 0x00, 0x10, 0xFF, 0x6F, 0x00, 0x00, 0x00, 0x00, 0x00,
    0x00, 0x90, 0xFF, 0x0D, 0x00, 0x00, 0x00, 0x00, 0x00, 0x00, 0xF2, 0xFF, 0x05, 0x00, 0x00, 0x00,
    0x00, 0x00, 0x00, 0xFA, 0xDF, 0x00, 0x00, 0x00, 0x00, 0x00, 0x00, 0x30, 0xFF, 0x4F, 0x00, 0x00,
    0x00, 0x00, 0x00, 0x00, 0xB0, 0xFF, 0x0C, 0x00, 0x00, 0x00, 0x00, 0x00, 0x00, 0xF4, 0xFF, 0x04,
    0x00, 0x00, 0x00, 0x00, 0x00, 0x00, 0xFC, 0xBF, 0x00, 0x00, 0x00, 0x00, 0x00, 0x00, 0x40, 0xFF,
    0x3F, 0x00, 0x00, 0x00, 0x00, 0x00, 0x00, 0xD0, 0xFF, 0x0B, 0x00, 0x00, 0x00, 0x00, 0x00, 0x00,
    0xF6, 0xFF, 0x02, 0x00, 0x00, 0x00, 0x00, 0x00, 0x00, 0xFE, 0xAF, 0x00, 0x00, 0x00, 0x00, 0x00,
    0x00, 0x70, 0xFF, 0x2F, 0x00, 0x00, 0x00, 0x00, 0x00, 0x00, 0x40, 0xFC, 0x09, 0x00, 0x00, 0x00,
    0x00, 0x00, 0x00, 0x00, 0x50, 0x01, 0x00, 0x00, 0x00, 0x00, 0x00, 0x00, 0x00, 0x00, 0x00, 0x30,
    0x65, 0x25, 0x00, 0x00, 0x00, 0x00, 0x00, 0x00, 0x80, 0xFE, 0xFF, 0xFF, 0x6D, 0x00, 0x00, 0x00,
    0x00, 0x20, 0xFD, 0xFF, 0xFF, 0xFF, 0xFF, 0x0A, 0x00, 0x00, 0x00, 0xD1, 0xFF, 0xEF, 0x9A, 0xFB,
    0xFF, 0xAF, 0x00, 0x00, 0x00, 0xF9, 0xFF, 0x07, 0x00, 0x10, 0xFB, 0xFF, 0x04, 0x00, 0x00, 0xFF,
    0x8F, 0x00, 0x00, 0x00, 0xC0, 0xFF, 0x0B, 0x00, 0x40, 0xFF, 0x0F, 0x00, 0x00, 0x00, 0x50, 0xFF,
    0x0F, 0x00, 0x50, 0xFF, 0x0D, 0x00, 0x00, 0x00, 0x10, 0xFF, 0x1F, 0x00, 0x50, 0xFF, 0x0D, 0x00,
    0x00, 0x00, 0x10, 0xFF, 0x1F, 0x00, 0x30, 0xFF, 0x0F, 0x00, 0x00, 0x00, 0x50, 0xFF, 0x0E, 0x00,
    0x00, 0xFE, 0x7F, 0x00, 0x00, 0x00, 0xC0, 0xFF, 0x09, 0x00, 0x00, 0xF5, 0xFF, 0x06, 0x00, 0x00,
    0xFA, 0xEF, 0x01, 0x00, 0x00, 0x70, 0xFF, 0xDF, 0x88, 0xE9, 0xFF, 0x4F, 0x00, 0x00, 0x00, 0x00,
    0xF5, 0xFF, 0xFF, 0xFF, 0xDF, 0x02, 0x00, 0x00, 0x00, 0x30, 0xFC, 0xFF, 0xFF, 0xFF, 0xFF, 0x09,
    0x00, 0x00, 0x00, 0xF4, 0xFF, 0xAF, 0x67, 0xC8, 0xFF, 0xDF, 0x01, 0x00, 0x20, 0xFF, 0xBF, 0x01,
    0x00, 0x00, 0xE3, 0xFF, 0x0C, 0x00, 0xA0, 0xFF, 0x0C, 0x00, 0x00, 0x00, 0x20, 0xFF, 0x5F, 0x00,
    0xF0, 0xFF, 0x03, 0x00, 0x00, 0x00, 0x00, 0xF9, 0xBF, 0x00, 0xF3, 0xFF, 0x00, 0x00, 0x00, 0x00,
    0x00, 0xF4, 0xEF, 0x00, 0xF5, 0xEF, 0x00, 0x00, 0x00, 0x00, 0x00, 0xF2, 0xFF, 0x00, 0xF4, 0xFF,
    0x00, 0x00, 0x00, 0x00, 0x00, 0xF4, 0xFF, 0x00, 0xF2, 0xFF, 0x04, 0x00, 0x00, 0x00, 0x00, 0xF8,
    0xDF, 0x00, 0xD0, 0xFF, 0x0D, 0x00, 0x00, 0x00, 0x20, 0xFF, 0x8F, 0x00, 0x50, 0xFF, 0xCF, 0x02,
    0x00, 0x00, 0xE4, 0xFF, 0x1F, 0x00, 0x00, 0xFA, 0xFF, 0xBF, 0x77, 0xC8, 0xFF, 0xFF, 0x06, 0x00,
    0x00, 0xA0, 0xFF, 0xFF, 0xFF, 0xFF, 0xFF, 0x6F, 0x00, 0x00, 0x00, 0x00, 0xD5, 0xFF, 0xFF, 0xFF,
    0xBF, 0x03, 0x00, 0x00, 0x00, 0x00, 0x00, 0x63, 0x98, 0x58, 0x01, 0x00, 0x00, 0x00, 0x00, 0x00,
    0x00, 0x41, 0x66, 0x25, 0x00, 0x00, 0x00, 0x00, 0x00, 0x00, 0xB3, 0xFF, 0xFF, 0xFF, 0x7E, 0x00,
    0x00, 0x00, 0x00, 0x70, 0xFF, 0xFF, 0xFF, 0xFF, 0xFF, 0x2D, 0x00, 0x00, 0x00, 0xF7, 0xFF, 0xCF,
    0x9A, 0xFB, 0xFF, 0xEF, 0x01, 0x00, 0x40, 0xFF, 0xCF, 0x02, 0x00, 0x10, 0xF8, 0xFF, 0x0C, 0x00,
    0xD0, 0xFF, 0x0B, 0x00, 0x00, 0x00, 0x60, 0xFF, 0x5F, 0x00, 0xF4, 0xFF, 0x01, 0x00, 0x00, 0x00,
    0x00, 0xFB, 0xBF, 0x00, 0xF8, 0xAF, 0x00, 0x00, 0x00, 0x00, 0x00, 0xF4, 0xFF, 0x00, 0xFB, 0x7F,
    0x00, 0x00, 0x00, 0x00, 0x00, 0xF0, 0xFF, 0x02, 0xFC, 0x6F, 0x00, 0x00, 0x00, 0x00, 0x00, 0xF0,
    0xFF, 0x02, 0xFB, 0x8F, 0x00, 0x00, 0x00, 0x00, 0x00, 0xF1, 0xFF, 0x02, 0xF9, 0xCF, 0x00, 0x00,
    0x00, 0x00, 0x00, 0xF5, 0xFF, 0x00, 0xF4, 0xFF, 0x04, 0x00, 0x00, 0x00, 0x00, 0xFD, 0xBF, 0x00,
    0xD0, 0xFF, 0x2E, 0x00, 0x00, 0x00, 0xB0, 0xFF, 0x6F, 0x00, 0x40, 0xFF, 0xFF, 0x27, 0x00, 0x51,
    0xFD, 0xFF, 0x0E, 0x00, 0x00, 0xF6, 0xFF, 0xFF, 0xFF, 0xFF, 0xFF, 0xFF, 0x06, 0x00, 0x00, 0x50,
    0xFE, 0xFF, 0xFF, 0xFF, 0xFF, 0xCF, 0x00, 0x00, 0x00, 0x00, 0x70, 0xEB, 0xEF, 0xBA, 0xFF, 0x3F,
    0x00, 0x00, 0x00, 0x00, 0x00, 0x00, 0x00, 0xF2, 0xFF, 0x08, 0x00, 0x00, 0x00, 0x00, 0x00, 0x00,
    0x00, 0xFC, 0xDF, 0x00, 0x00, 0x00, 0x00, 0x00, 0x00, 0x00, 0x80, 0xFF, 0x3F, 0x00, 0x00, 0x00,
    0x00, 0x00, 0x00, 0x00, 0xF4, 0xFF, 0x07, 0x00, 0x00, 0x00, 0x00, 0x00, 0x00, 0x10, 0xFE, 0xBF,
    0x00, 0x00, 0x00, 0x00, 0x00, 0x00, 0x00, 0xB0, 0xFF, 0x1E, 0x00, 0x00, 0x00, 0x00, 0x00, 0x00,
    0x00, 0xF6, 0xFF, 0x05, 0x00, 0x00, 0x00, 0x00, 0x00, 0x00, 0x20, 0xFF, 0x9F, 0x00, 0x00, 0x00,
    0x00, 0x00, 0x00, 0x00, 0xD0, 0xFF, 0x0D, 0x00, 0x00, 0x00, 0x00, 0x00, 0x00, 0x00, 0x40, 0xFE,
    0x03, 0x00, 0x00, 0x00, 0x00, 0x00, 0x00, 0x00, 0x00, 0x51, 0x00, 0x00, 0x00, 0x00, 0x00, 0x00,
    0x00, 0x01, 0x00, 0xE3, 0xDF, 0x02, 0xFC, 0xFF, 0x0B, 0xFE, 0xFF, 0x0C, 0xF8, 0xFF, 0x07, 0x60,
    0x59, 0x00, 0x00, 0x00, 0x00, 0x00, 0x00, 0x00, 0x00, 0x00, 0x00, 0x00, 0x00, 0x00, 0x00, 0x00,
    0x00, 0x00, 0x00, 0x00, 0x00, 0x00, 0x00, 0x00, 0x00, 0x00, 0x00, 0x00, 0x00, 0x40, 0x47, 0x00,
    0xF7, 0xFF, 0x06, 0xFE, 0xFF, 0x0C, 0xFD, 0xFF, 0x0B, 0xF4, 0xEF, 0x03, 0x00, 0x03, 0x00, 0x00,
    0x00, 0x00, 0x00, 0x00, 0xD5, 0xDD, 0x07, 0x00, 0x00, 0x00, 0x00, 0x00, 0x00, 0x00, 0x00, 0x00,
    0x00, 0xFB, 0xFF, 0x0D, 0x00, 0x00, 0x00, 0x00, 0x00, 0x00, 0x00, 0x00, 0x00, 0x10, 0xFF, 0xFF,
    0x4F, 0x00, 0x00, 0x00, 0x00, 0x00, 0x00, 0x00, 0x00, 0x00, 0x70, 0xFF, 0xFE, 0xAF, 0x00, 0x00,
    0x00, 0x00, 0x00, 0x00, 0x00, 0x00, 0x00, 0xD0, 0xFF, 0xF5, 0xFF, 0x00, 0x00, 0x00, 0x00, 0x00,
    0x00, 0x00, 0x00, 0x00, 0xF4, 0xEF, 0xC0, 0xFF, 0x06, 0x00, 0x00, 0x00, 0x00, 0x00, 0x00, 0x00,
    0x00, 0xFA, 0x8F, 0x70, 0xFF, 0x0C, 0x00, 0x00, 0x00, 0x00, 0x00, 0x00, 0x00, 0x00, 0xFF, 0x3F,
    0x20, 0xFF, 0x2F, 0x00, 0x00, 0x00, 0x00, 0x00, 0x00, 0x00, 0x60, 0xFF, 0x0D, 0x00, 0xFC, 0x8F,
    0x00, 0x00, 0x00, 0x00, 0x00, 0x00, 0x00, 0xC0, 0xFF, 0x07, 0x00, 0xF6, 0xEF, 0x00, 0x00, 0x00,
    0x00, 0x00, 0x00, 0x00, 0xF2, 0xFF, 0x01, 0x00, 0xF0, 0xFF, 0x04, 0x00, 0x00, 0x00, 0x00, 0x00,
    0x00, 0xF8, 0xBF, 0x00, 0x00, 0xA0, 0xFF, 0x0A, 0x00, 0x00, 0x00, 0x00, 0x00, 0x00, 0xFE, 0x5F,
    0x00, 0x00, 0x40, 0xFF, 0x1F, 0x00, 0x00, 0x00, 0x00, 0x00, 0x40, 0xFF, 0x0F, 0x00, 0x00, 0x00,
    0xFE, 0x6F, 0x00, 0x00, 0x00, 0x00, 0x00, 0xB0, 0xFF, 0x09, 0x00, 0x00, 0x00, 0xF8, 0xCF, 0x00,
    0x00, 0x00, 0x00, 0x00, 0xF1, 0xFF, 0x03, 0x00, 0x00, 0x00, 0xF3, 0xFF, 0x02, 0x00, 0x00, 0x00,
    0x00, 0xF7, 0xFF, 0x66, 0x66, 0x66, 0x66, 0xE6, 0xFF, 0x08, 0x00, 0x00, 0x00, 0x00, 0xFD, 0xFF,
    0xFF, 0xFF, 0xFF, 0xFF, 0xFF, 0xFF, 0x0E, 0x00, 0x00, 0x00, 0x30, 0xFF, 0xFF, 0xFF, 0xFF, 0xFF,
    0xFF, 0xFF, 0xFF, 0x4F, 0x00, 0x00, 0x00, 0x90, 0xFF, 0x9D, 0x99, 0x99, 0x99, 0x99, 0x99, 0xFD,
    0xAF, 0x00, 0x00, 0x00, 0xF0, 0xFF, 0x06, 0x00, 0x00, 0x00, 0x00, 0x00, 0xF5, 0xFF, 0x01, 0x00,
    0x00, 0xF5, 0xFF, 0x00, 0x00, 0x00, 0x00, 0x00, 0x00, 0xF0, 0xFF, 0x06, 0x00, 0x00, 0xFB, 0xAF,
    0x00, 0x00, 0x00, 0x00, 0x00, 0x00, 0x90, 0xFF, 0x0C, 0x00, 0x20, 0xFF, 0x4F, 0x00, 0x00, 0x00,
    0x00, 0x00, 0x00, 0x40, 0xFF, 0x2F, 0x00, 0x80, 0xFF, 0x0E, 0x00, 0x00, 0x00, 0x00, 0x00, 0x00,
    0x00, 0xFE, 0x9F, 0x00, 0xD0, 0xFF, 0x08, 0x00, 0x00, 0x00, 0x00, 0x00, 0x00, 0x00, 0xF8, 0xEF,
    0x00, 0xF4, 0xFF, 0x02, 0x00, 0x00, 0x00, 0x00, 0x00, 0x00, 0x00, 0xF2, 0xFF, 0x05, 0xD0, 0xDD,
    0xDD, 0xDD, 0xDD, 0xCD, 0x59, 0x00, 0x00, 0x00, 0xF0, 0xFF, 0xFF, 0xFF, 0xFF, 0xFF, 0xFF, 0x3D,
    0x00, 0x00, 0xF0, 0xFF, 0xFF, 0xFF, 0xFF, 0xFF, 0xFF, 0xFF, 0x04, 0x00, 0xF0, 0xFF, 0x24, 0x22,
    0x22, 0x32, 0xF8, 0xFF, 0x2F, 0x00, 0xF0, 0xFF, 0x02, 0x00, 0x00, 0x00, 0x30, 0xFE, 0xAF, 0x00,
    0xF0, 0xFF, 0x02, 0x00, 0x00, 0x00, 0x00, 0xF5, 0xFF, 0x00, 0xF0, 0xFF, 0x02, 0x00, 0x00, 0x00,
    0x00, 0xF0, 0xFF, 0x03, 0xF0, 0xFF, 0x02, 0x00, 0x00, 0x00, 0x00, 0xE0, 0xFF, 0x04, 0xF0, 0xFF,
    0x02, 0x00, 0x00, 0x00, 0x00, 0xF0, 0xFF, 0x02, 0xF0, 0xFF, 0x02, 0x00, 0x00, 0x00, 0x00, 0xF6,
    0xEF, 0x00, 0xF0, 0xFF, 0x02, 0x00, 0x00, 0x00, 0x40, 0xFF, 0x6F, 0x00, 0xF0, 0xFF, 0x45, 0x44,
    0x44, 0x54, 0xFA, 0xFF, 0x0A, 0x00, 0xF0, 0xFF, 0xFF, 0xFF, 0xFF, 0xFF, 0xFF, 0x8F, 0x00, 0x00,
    0xF0, 0xFF, 0xFF, 0xFF, 0xFF, 0xFF, 0xFF, 0x6E, 0x00, 0x00, 0xF0, 0xFF, 0xCD, 0xCC, 0xCC, 0xCC,
    0xFF, 0xFF, 0x1C, 0x00, 0xF0, 0xFF, 0x02, 0x00, 0x00, 0x00, 0x50, 0xFE, 0xDF, 0x00, 0xF0, 0xFF,
    0x02, 0x00, 0x00, 0x00, 0x00, 0xF2, 0xFF, 0x08, 0xF0, 0xFF, 0x02, 0x00, 0x00, 0x00, 0x00, 0x70,
    0xFF, 0x0E, 0xF0, 0xFF, 0x02, 0x00, 0x00, 0x00, 0x00, 0x10, 0xFF, 0x1F, 0xF0, 0xFF, 0x02, 0x00,
    0x00, 0x00, 0x00, 0x00, 0xFF, 0x2F, 0xF0, 0xFF, 0x02, 0x00, 0x00, 0x00, 0x00, 0x30, 0xFF, 0x1F,
    0xF0, 0xFF, 0x02, 0x00, 0x00, 0x00, 0x00, 0x90, 0xFF, 0x0D, 0xF0, 0xFF, 0x02, 0x00, 0x00, 0x00,
    0x00, 0xF5, 0xFF, 0x07, 0xF0, 0xFF, 0x02, 0x00, 0x00, 0x00, 0x92, 0xFF, 0xDF, 0x00, 0xF0, 0xFF,
    0xFF, 0xFF, 0xFF, 0xFF, 0xFF, 0xFF, 0x2E, 0x00, 0xF0, 0xFF, 0xFF, 0xFF, 0xFF, 0xFF, 0xFF, 0xCF,
    0x02, 0x00, 0xF0, 0xFF, 0xFF, 0xFF, 0xFF, 0xFF, 0xAE, 0x04, 0x00, 0x00, 0x00, 0x00, 0x00, 0x00,
    0x00, 0x20, 0x64, 0x66, 0x14, 0x00, 0x00, 0x00, 0x00, 0x00, 0x00, 0x00, 0x00, 0x92, 0xFE, 0xFF,
    0xFF, 0xFF, 0x8D, 0x01, 0x00, 0x00, 0x00, 0x00, 0x00, 0xA1, 0xFF, 0xFF, 0xFF, 0xFF, 0xFF, 0xFF,
    0x7F, 0x00, 0x00, 0x00, 0x00, 0x30, 0xFE, 0xFF, 0xFF, 0x9B, 0x99, 0xEB, 0xFF, 0xFF, 0x1C, 0x00,
    0x00, 0x00, 0xF4, 0xFF, 0xBF, 0x04, 0x00, 0x00, 0x00, 0xC4, 0xFF, 0xDF, 0x01, 0x00, 0x30, 0xFF,
    0xFF, 0x05, 0x00, 0x00, 0x00, 0x00, 0x00, 0xF7, 0xFF, 0x04, 0x00, 0xE1, 0xFF, 0x2E, 0x00, 0x00,
    0x00, 0x00, 0x00, 0x00, 0x60, 0x3E, 0x00, 0x00, 0xF9, 0xFF, 0x03, 0x00, 0x00, 0x00, 0x00, 0x00,
    0x00, 0x00, 0x00, 0x00, 0x10, 0xFF, 0x7F, 0x00, 0x00, 0x00, 0x00, 0x00, 0x00, 0x00, 0x00, 0x00,
    0x00, 0x80, 0xFF, 0x0E, 0x00, 0x00, 0x00, 0x00, 0x00, 0x00, 0x00, 0x00, 0x00, 0x00, 0xD0, 0xFF,
    0x08, 0x00, 0x00, 0x00, 0x00, 0x00, 0x00, 0x00, 0x00, 0x00, 0x00, 0xF0, 0xFF, 0x03, 0x00, 0x00,
    0x00, 0x00, 0x00, 0x00, 0x00, 0x00, 0x00, 0x00, 0xF3, 0xFF, 0x00, 0x00, 0x00, 0x00, 0x00, 0x00,
    0x00, 0x00, 0x00, 0x00, 0x00, 0xF4, 0xEF, 0x00, 0x00, 0x00, 0x00, 0x00, 0x00, 0x00, 0x00, 0x00,
    0x00, 0x00, 0xF5, 0xEF, 0x00, 0x00, 0x00, 0x00, 0x00, 0x00, 0x00, 0x00, 0x00, 0x00, 0x00, 0xF4,
    0xEF, 0x00, 0x00, 0x00, 0x00, 0x00, 0x00, 0x00, 0x00, 0x00, 0x00, 0x00, 0xF3, 0xFF, 0x00, 0x00,
    0x00, 0x00, 0x00, 0x00, 0x00, 0x00, 0x00, 0x00, 0x00, 0xF0, 0xFF, 0x03, 0x00, 0x00, 0x00, 0x00,
    0x00, 0x00, 0x00, 0x00, 0x00, 0x00, 0xD0, 0xFF, 0x08, 0x00, 0x00, 0x00, 0x00, 0x00, 0x00, 0x00,
    0x00, 0x00, 0x00, 0x80, 0xFF, 0x0E, 0x00, 0x00, 0x00, 0x00, 0x00, 0x00, 0x00, 0x00, 0x00, 0x00,
    0x20, 0xFF, 0x6F, 0x00, 0x00, 0x00, 0x00, 0x00, 0x00, 0x00, 0x00, 0x00, 0x00, 0x00, 0xF9, 0xFF,
    0x02, 0x00, 0x00, 0x00, 0x00, 0x00, 0x00, 0x00, 0x22, 0x00, 0x00, 0xE1, 0xFF, 0x1D, 0x00, 0x00,
    0x00, 0x00, 0x00, 0x00, 0x20, 0xEE, 0x02, 0x00, 0x40, 0xFF, 0xEF, 0x03, 0x00, 0x00, 0x00, 0x00,
    0x00, 0xE4, 0xFF, 0x1E, 0x00, 0x00, 0xF6, 0xFF, 0xAF, 0x02, 0x00, 0x00, 0x00, 0xA3, 0xFF, 0xFF,
    0x06, 0x00, 0x00, 0x50, 0xFF, 0xFF, 0xDF, 0x79, 0x77, 0xD9, 0xFF, 0xFF, 0x6F, 0x00, 0x00, 0x00,
    0x00, 0xB2, 0xFF, 0xFF, 0xFF, 0xFF, 0xFF, 0xFF, 0xDF, 0x03, 0x00, 0x00, 0x00, 0x00, 0x00, 0xB4,
    0xFF, 0xFF, 0xFF, 0xFF, 0xBF, 0x05, 0x00, 0x00, 0x00, 0x00, 0x00, 0x00, 0x00, 0x40, 0x86, 0x89,
    0x47, 0x01, 0x00, 0x00, 0x00, 0xD0, 0xDD, 0xDD, 0xDD, 0xDD, 0xAC, 0x48, 0x00, 0x00, 0x00, 0x00,
    0x00, 0xF0, 0xFF, 0xFF, 0xFF, 0xFF, 0xFF, 0xFF, 0x8E, 0x01, 0x00, 0x00, 0x00, 0xF0, 0xFF, 0xFF,
    0xFF, 0xFF, 0xFF, 0xFF, 0xFF, 0x5E, 0x00, 0x00, 0x00, 0xF0, 0xFF, 0x24, 0x22, 0x32, 0x64, 0xE9,
    0xFF, 0xFF, 0x08, 0x00, 0x00, 0xF0, 0xFF, 0x02, 0x00, 0x00, 0x00, 0x00, 0xE6, 0xFF, 0x8F, 0x00,
    0x00, 0xF0, 0xFF, 0x02, 0x00, 0x00, 0x00, 0x00, 0x10, 0xFC, 0xFF, 0x05, 0x00, 0xF0, 0xFF, 0x02,
    0x00, 0x00, 0x00, 0x00, 0x00, 0xC0, 0xFF, 0x0E, 0x00, 0xF0, 0xFF, 0x02, 0x00, 0x00, 0x00, 0x00,
    0x00, 0x20, 0xFF, 0x7F, 0x00, 0xF0, 0xFF, 0x02, 0x00, 0x00, 0x00, 0x00, 0x00, 0x00, 0xF9, 0xDF,
    0x00, 0xF0, 0xFF, 0x02, 0x00, 0x00, 0x00, 0x00, 0x00, 0x00, 0xF3, 0xFF, 0x02, 0xF0, 0xFF, 0x02,
    0x00, 0x00, 0x00, 0x00, 0x00, 0x00, 0xE0, 0xFF, 0x05, 0xF0, 0xFF, 0x02, 0x00, 0x00, 0x00, 0x00,
    0x00, 0x00, 0xB0, 0xFF, 0x08, 0xF0, 0xFF, 0x02, 0x00, 0x00, 0x00, 0x00, 0x00, 0x00, 0xA0, 0xFF,
    0x09, 0xF0, 0xFF, 0x02, 0x00, 0x00, 0x00, 0x00, 0x00, 0x00, 0x90, 0xFF, 0x09, 0xF0, 0xFF, 0x02,
    0x00, 0x00, 0x00, 0x00, 0x00, 0x00, 0xA0, 0xFF, 0x09, 0xF0, 0xFF, 0x02, 0x00, 0x00, 0x00, 0x00,
    0x00, 0x00, 0xB0, 0xFF, 0x08, 0xF0, 0xFF, 0x02, 0x00, 0x00, 0x00, 0x00, 0x00, 0x00, 0xE0, 0xFF,
    0x05, 0xF0, 0xFF, 0x02, 0x00, 0x00, 0x00, 0x00, 0x00, 0x00, 0xF2, 0xFF, 0x02, 0xF0, 0xFF, 0x02,
    0x00, 0x00, 0x00, 0x00, 0x00, 0x00, 0xF8, 0xDF, 0x00, 0xF0, 0xFF, 0x02, 0x00, 0x00, 0x00, 0x00,
    0x00, 0x10, 0xFF, 0x7F, 0x00, 0xF0, 0xFF, 0x02, 0x00, 0x00, 0x00, 0x00, 0x00, 0xB0, 0xFF, 0x1E,
    0x00, 0xF0, 0xFF, 0x02, 0x00, 0x00, 0x00, 0x00, 0x00, 0xFA, 0xFF, 0x06, 0x00, 0xF0, 0xFF, 0x02,
    0x00, 0x00, 0x00, 0x00, 0xC3, 0xFF, 0xAF, 0x00, 0x00, 0xF0, 0xFF, 0x02, 0x00, 0x00, 0x31, 0xC7,
    0xFF, 0xFF, 0x0A, 0x00, 0x00, 0xF0, 0xFF, 0xFF, 0xFF, 0xFF, 0xFF, 0xFF, 0xFF, 0x7F, 0x00, 0x00,
    0x00, 0xF0, 0xFF, 0xFF, 0xFF, 0xFF, 0xFF, 0xFF, 0xAF, 0x02, 0x00, 0x00, 0x00, 0xF0, 0xFF, 0xFF,
    0xFF, 0xFF, 0xDF, 0x6A, 0x01, 0x00, 0x00, 0x00, 0x00, 0xD0, 0xDD, 0xDD, 0xDD, 0xDD, 0xDD, 0xDD,
    0xBD, 0x00, 0xF0, 0xFF, 0xFF, 0xFF, 0xFF, 0xFF, 0xFF, 0xEF, 0x00, 0xF0, 0xFF, 0xFF, 0xFF, 0xFF,
    0xFF, 0xFF, 0xEF, 0x00, 0xF0, 0xFF, 0x24, 0x22, 0x22, 0x22, 0x22, 0x22, 0x00, 0xF0, 0xFF, 0x02,
    0x00, 0x00, 0x00, 0x00, 0x00, 0x00, 0xF0, 0xFF, 0x02, 0x00, 0x00, 0x00, 0x00, 0x00, 0x00, 0xF0,
    0xFF, 0x02, 0x00, 0x00, 0x00, 0x00, 0x00, 0x00, 0xF0, 0xFF, 0x02, 0x00, 0x00, 0x00, 0x00, 0x00,
    0x00, 0xF0, 0xFF, 0x02, 0x00, 0x00, 0x00, 0x00, 0x00, 0x00, 0xF0, 0xFF, 0x02, 0x00, 0x00, 0x00,
    0x00, 0x00, 0x00, 0xF0, 0xFF, 0x02, 0x00, 0x00, 0x00, 0x00, 0x00, 0x00, 0xF0, 0xFF, 0x02, 0x00,
    0x00, 0x00, 0x00, 0x00, 0x00, 0xF0, 0xFF, 0xEF, 0xEE, 0xEE, 0xEE, 0xEE, 0x3E, 0x00, 0xF0, 0xFF,
    0xFF, 0xFF, 0xFF, 0xFF, 0xFF, 0x3F, 0x00, 0xF0, 0xFF, 0xFF, 0xFF, 0xFF, 0xFF, 0xFF, 0x3F, 0x00,
    0xF0, 0xFF, 0x13, 0x11, 0x11, 0x11, 0x11, 0x01, 0x00, 0xF0, 0xFF, 0x02, 0x00, 0x00, 0x00, 0x00,
    0x00, 0x00, 0xF0, 0xFF, 0x02, 0x00, 0x00, 0x00, 0x00, 0x00, 0x00, 0xF0, 0xFF, 0x02, 0x00, 0x00,
    0x00, 0x00, 0x00, 0x00, 0xF0, 0xFF, 0x02, 0x00, 0x00, 0x00, 0x00, 0x00, 0x00, 0xF0, 0xFF, 0x02,
    0x00, 0x00, 0x00, 0x00, 0x00, 0x00, 0xF0, 0xFF, 0x02, 0x00, 0x00, 0x00, 0x00, 0x00, 0x00, 0xF0,
    0xFF, 0x02, 0x00, 0x00, 0x00, 0x00, 0x00, 0x00, 0xF0, 0xFF, 0x02, 0x00, 0x00, 0x00, 0x00, 0x00,
    0x00, 0xF0, 0xFF, 0xFF, 0xFF, 0xFF, 0xFF, 0xFF, 0xFF, 0x01, 0xF0, 0xFF, 0xFF, 0xFF, 0xFF, 0xFF,
    0xFF, 0xFF, 0x01, 0xF0, 0xFF, 0xFF, 0xFF, 0xFF, 0xFF, 0xFF, 0xFF, 0x01, 0xD0, 0xDD, 0xDD, 0xDD,
    0xDD, 0xDD, 0xDD, 0x9D, 0xF0, 0xFF, 0xFF, 0xFF, 0xFF, 0xFF, 0xFF, 0xBF, 0xF0, 0xFF, 0xFF, 0xFF,
    0xFF, 0xFF, 0xFF, 0xBF, 0xF0, 0xFF, 0x24, 0x22, 0x22, 0x22, 0x22, 0x12, 0xF0, 0xFF, 0x02, 0x00,
    0x00, 0x00, 0x00, 0x00, 0xF0, 0xFF, 0x02, 0x00, 0x00, 0x00, 0x00, 0x00, 0xF0, 0xFF, 0x02, 0x00,
    0x00, 0x00, 0x00, 0x00, 0xF0, 0xFF, 0x02, 0x00, 0x00, 0x00, 0x00, 0x00, 0xF0, 0xFF, 0x02, 0x00,
    0x00, 0x00, 0x00, 0x00, 0xF0, 0xFF, 0x02, 0x00, 0x00, 0x00, 0x00, 0x00, 0xF0, 0xFF, 0x02, 0x00,
    0x00, 0x00, 0x00, 0x00, 0xF0, 0xFF, 0x02, 0x00, 0x00, 0x00, 0x00, 0x00, 0xF0, 0xFF, 0xAB, 0xAA,
    0xAA, 0xAA, 0xAA, 0x2A, 0xF0, 0xFF, 0xFF, 0xFF, 0xFF, 0xFF, 0xFF, 0x3F, 0xF0, 0xFF, 0xFF, 0xFF,
    0xFF, 0xFF, 0xFF, 0x3F, 0xF0, 0xFF, 0x57, 0x55, 0x55, 0x55, 0x55, 0x15, 0xF0, 0xFF, 0x02, 0x00,
    0x00, 0x00, 0x00, 0x00, 0xF0, 0xFF, 0x02, 0x00, 0x00, 0x00, 0x00, 0x00, 0xF0, 0xFF, 0x02, 0x00,
    0x00, 0x00, 0x00, 0x00, 0xF0, 0xFF, 0x02, 0x00, 0x00, 0x00, 0x00, 0x00, 0xF0, 0xFF, 0x02, 0x00,
    0x00, 0x00, 0x00, 0x00, 0xF0, 0xFF, 0x02, 0x00, 0x00, 0x00, 0x00, 0x00, 0xF0, 0xFF, 0x02, 0x00,
    0x00, 0x00, 0x00, 0x00, 0xF0, 0xFF, 0x02, 0x00, 0x00, 0x00, 0x00, 0x00, 0xF0, 0xFF, 0x02, 0x00,
    0x00, 0x00, 0x00, 0x00, 0xF0, 0xFF, 0x02, 0x00, 0x00, 0x00, 0x00, 0x00, 0xF0, 0xFF, 0x02, 0x00,
    0x00, 0x00, 0x00, 0x00, 0x00, 0x00, 0x00, 0x00, 0x00, 0x10, 0x64, 0x66, 0x25, 0x00, 0x00, 0x00,
    0x00, 0x00, 0x00, 0x00, 0x00, 0x00, 0x81, 0xFD, 0xFF, 0xFF, 0xFF, 0xAF, 0x03, 0x00, 0x00, 0x00,
    0x00, 0x00, 0x00, 0x90, 0xFF, 0xFF, 0xFF, 0xFF, 0xFF, 0xFF, 0xBF, 0x02, 0x00, 0x00, 0x00, 0x00,
    0x20, 0xFD, 0xFF, 0xFF, 0xAC, 0x99, 0xEB, 0xFF, 0xFF, 0x5F, 0x00, 0x00, 0x00, 0x00, 0xF3, 0xFF,
    0xCF, 0x05, 0x00, 0x00, 0x00, 0xA3, 0xFF, 0xFF, 0x04, 0x00, 0x00, 0x20, 0xFF, 0xFF, 0x06, 0x00,
    0x00, 0x00, 0x00, 0x00, 0xF4, 0xBF, 0x00, 0x00, 0x00, 0xD0, 0xFF, 0x3E, 0x00, 0x00, 0x00, 0x00,
    0x00, 0x00, 0x20, 0x0A, 0x00, 0x00, 0x00, 0xF8, 0xFF, 0x03, 0x00, 0x00, 0x00, 0x00, 0x00, 0x00,
    0x00, 0x00, 0x00, 0x00, 0x10, 0xFF, 0x7F, 0x00, 0x00, 0x00, 0x00, 0x00, 0x00, 0x00, 0x00, 0x00,
    0x00, 0x00, 0x70, 0xFF, 0x0E, 0x00, 0x00, 0x00, 0x00, 0x00, 0x00, 0x00, 0x00, 0x00, 0x00, 0x00,
    0xC0, 0xFF, 0x08, 0x00, 0x00, 0x00, 0x00, 0x00, 0x00, 0x00, 0x00, 0x00, 0x00, 0x00, 0xF0, 0xFF,
    0x03, 0x00, 0x00, 0x00, 0x00, 0x00, 0x00, 0x00, 0x00, 0x00, 0x00, 0x00, 0xF3, 0xFF, 0x00, 0x00,
    0x00, 0x00, 0x00, 0x00, 0x00, 0x00, 0x00, 0x00, 0x00, 0x00, 0xF4, 0xEF, 0x00, 0x00, 0x00, 0x00,
    0x00, 0x41, 0x44, 0x44, 0x44, 0x44, 0x44, 0x24, 0xF5, 0xEF, 0x00, 0x00, 0x00, 0x00, 0x00, 0xF5,
    0xFF, 0xFF, 0xFF, 0xFF, 0xFF, 0xAF, 0xF4, 0xEF, 0x00, 0x00, 0x00, 0x00, 0x00, 0xF5, 0xFF, 0xFF,
    0xFF, 0xFF, 0xFF, 0xBF, 0xF3, 0xFF, 0x00, 0x00, 0x00, 0x00, 0x00, 0xA3, 0xAA, 0xAA, 0xAA, 0xAA,
    0xFD, 0xAF, 0xF0, 0xFF, 0x03, 0x00, 0x00, 0x00, 0x00, 0x00, 0x00, 0x00, 0x00, 0x00, 0xF8, 0x9F,
    0xC0, 0xFF, 0x08, 0x00, 0x00, 0x00, 0x00, 0x00, 0x00, 0x00, 0x00, 0x00, 0xFB, 0x6F, 0x70, 0xFF,
    0x0E, 0x00, 0x00, 0x00, 0x00, 0x00, 0x00, 0x00, 0x00, 0x00, 0xFF, 0x3F, 0x10, 0xFF, 0x7F, 0x00,
    0x00, 0x00, 0x00, 0x00, 0x00, 0x00, 0x00, 0x60, 0xFF, 0x0E, 0x00, 0xF8, 0xFF, 0x03, 0x00, 0x00,
    0x00, 0x00, 0x00, 0x00, 0x00, 0xE1, 0xFF, 0x07, 0x00, 0xD0, 0xFF, 0x2E, 0x00, 0x00, 0x00, 0x00,
    0x00, 0x00, 0x00, 0xFB, 0xEF, 0x00, 0x00, 0x20, 0xFF, 0xEF, 0x04, 0x00, 0x00, 0x00, 0x00, 0x00,
    0xB1, 0xFF, 0x4F, 0x00, 0x00, 0x00, 0xF4, 0xFF, 0xAF, 0x03, 0x00, 0x00, 0x00, 0x71, 0xFE, 0xFF,
    0x07, 0x00, 0x00, 0x00, 0x30, 0xFE, 0xFF, 0xDF, 0x79, 0x76, 0xC9, 0xFF, 0xFF, 0x7F, 0x00, 0x00,
    0x00, 0x00, 0x00, 0x91, 0xFF, 0xFF, 0xFF, 0xFF, 0xFF, 0xFF, 0xDF, 0x04, 0x00, 0x00, 0x00, 0x00,
    0x00, 0x00, 0x92, 0xFE, 0xFF, 0xFF, 0xFF, 0xCF, 0x06, 0x00, 0x00, 0x00, 0x00, 0x00, 0x00, 0x00,
    0x00, 0x30, 0x86, 0x89, 0x57, 0x01, 0x00, 0x00, 0x00, 0x00, 0xD0, 0xDD, 0x01, 0x00, 0x00, 0x00,
    0x00, 0x00, 0x00, 0xDD, 0x1D, 0xF0, 0xFF, 0x02, 0x00, 0x00, 0x00, 0x00, 0x00, 0x00, 0xFF, 0x2F,
    0xF0, 0xFF, 0x02, 0x00, 0x00, 0x00, 0x00, 0x00, 0x00, 0xFF, 0x2F, 0xF0, 0xFF, 0x02, 0x00, 0x00,
    0x00, 0x00, 0x00, 0x00, 0xFF, 0x2F, 0xF0, 0xFF, 0x02, 0x00, 0x00, 0x00, 0x00, 0x00, 0x00, 0xFF,
    0x2F, 0xF0, 0xFF, 0x02, 0x00, 0x00, 0x00, 0x00, 0x00, 0x00, 0xFF, 0x2F, 0xF0, 0xFF, 0x02, 0x00,
    0x00, 0x00, 0x00, 0x00, 0x00, 0xFF, 0x2F, 0xF0, 0xFF, 0x02, 0x00, 0x00, 0x00, 0x00, 0x00, 0x00,
    0xFF, 0x2F, 0xF0, 0xFF, 0x02, 0x00, 0x00, 0x00, 0x00, 0x00, 0x00, 0xFF, 0x2F, 0xF0, 0xFF, 0x02,
    0x00, 0x00, 0x00, 0x00, 0x00, 0x00, 0xFF, 0x2F, 0xF0, 0xFF, 0x02, 0x00, 0x00, 0x00, 0x00, 0x00,
    0x00, 0xFF, 0x2F, 0xF0, 0xFF, 0x45, 0x44, 0x44, 0x44, 0x44, 0x44, 0x44, 0xFF, 0x2F, 0xF0, 0xFF,
    0xFF, 0xFF, 0xFF, 0xFF, 0xFF, 0xFF, 0xFF, 0xFF, 0x2F, 0xF0, 0xFF, 0xFF, 0xFF, 0xFF, 0xFF, 0xFF,
    0xFF, 0xFF, 0xFF, 0x2F, 0xF0, 0xFF, 0xCD, 0xCC, 0xCC, 0xCC, 0xCC, 0xCC, 0xCC, 0xFF, 0x2F, 0xF0,
    0xFF, 0x02, 0x00, 0x00, 0x00, 0x00, 0x00, 0x00, 0xFF, 0x2F, 0xF0, 0xFF, 0x02, 0x00, 0x00, 0x00,
    0x00, 0x00, 0x00, 0xFF, 0x2F, 0xF0, 0xFF, 0x02, 0x00, 0x00, 0x00, 0x00, 0x00, 0x00, 0xFF, 0x2F,
    0xF0, 0xFF, 0x02, 0x00, 0x00, 0x00, 0x00, 0x00, 0x00, 0xFF, 0x2F, 0xF0, 0xFF, 0x02, 0x00, 0x00,
    0x00, 0x00, 0x00, 0x00, 0xFF, 0x2F, 0xF0, 0xFF, 0x02, 0x00, 0x00, 0x00, 0x00, 0x00, 0x00, 0xFF,
    0x2F, 0xF0, 0xFF, 0x02, 0x00, 0x00, 0x00, 0x00, 0x00, 0x00, 0xFF, 0x2F, 0xF0, 0xFF, 0x02, 0x00,
    0x00, 0x00, 0x00, 0x00, 0x00, 0xFF, 0x2F, 0xF0, 0xFF, 0x02, 0x00, 0x00, 0x00, 0x00, 0x00, 0x00,
    0xFF, 0x2F, 0xF0, 0xFF, 0x02, 0x00, 0x00, 0x00, 0x00, 0x00, 0x00, 0xFF, 0x2F, 0xF0, 0xFF, 0x02,
    0x00, 0x00, 0x00, 0x00, 0x00, 0x00, 0xFF, 0x2F, 0xF0, 0xFF, 0x02, 0x00, 0x00, 0x00, 0x00, 0x00,
    0x00, 0xFF, 0x2F, 0xD0, 0xDD, 0x01, 0xF0, 0xFF, 0x02, 0xF0, 0xFF, 0x02, 0xF0, 0xFF, 0x02, 0xF0,
    0xFF, 0x02, 0xF0, 0xFF, 0x02, 0xF0, 0xFF, 0x02, 0xF0, 0xFF, 0x02, 0xF0, 0xFF, 0x02, 0xF0, 0xFF,
    0x02, 0xF0, 0xFF, 0x02, 0xF0, 0xFF, 0x02, 0xF0, 0xFF, 0x02, 0xF0, 0xFF, 0x02, 0xF0, 0xFF, 0x02,
    0xF0, 0xFF, 0x02, 0xF0, 0xFF, 0x02, 0xF0, 0xFF, 0x02, 0xF0, 0xFF, 0x02, 0xF0, 0xFF, 0x02, 0xF0,
    0xFF, 0x02, 0xF0, 0xFF, 0x02, 0xF0, 0xFF, 0x02, 0xF0, 0xFF, 0x02, 0xF0, 0xFF, 0x02, 0xF0, 0xFF,
    0x02, 0xF0, 0xFF, 0x02, 0x00, 0x00, 0x00, 0x00, 0x00, 0x00, 0x00, 0xDC, 0x3D, 0x00, 0x00, 0x00,
    0x00, 0x00, 0x00, 0x00, 0xFE, 0x4F, 0x00, 0x00, 0x00, 0x00, 0x00, 0x00, 0x00, 0xFE, 0x4F, 0x00,
    0x00, 0x00, 0x00, 0x00, 0x00, 0x00, 0xFE, 0x4F, 0x00, 0x00, 0x00, 0x00, 0x00, 0x00, 0x00, 0xFE,
    0x4F, 0x00, 0x00, 0x00, 0x00, 0x00, 0x00, 0x00, 0xFE, 0x4F, 0x00, 0x00, 0x00, 0x00, 0x00, 0x00,
    0x00, 0xFE, 0x4F, 0x00, 0x00, 0x00, 0x00, 0x00, 0x00, 0x00, 0xFE, 0x4F, 0x00, 0x00, 0x00, 0x00,
    0x00, 0x00, 0x00, 0xFE, 0x4F, 0x00, 0x00, 0x00, 0x00, 0x00, 0x00, 0x00, 0xFE, 0x4F, 0x00, 0x00,
    0x00, 0x00, 0x00, 0x00, 0x00, 0xFE, 0x4F, 0x00, 0x00, 0x00, 0x00, 0x00, 0x00, 0x00, 0xFE, 0x4F,
    0x00, 0x00, 0x00, 0x00, 0x00, 0x00, 0x00, 0xFE, 0x4F, 0x00, 0x00, 0x00, 0x00, 0x00, 0x00, 0x00,
    0xFE, 0x4F, 0x00, 0x00, 0x00, 0x00, 0x00, 0x00, 0x00, 0xFE, 0x4F, 0x00, 0x00, 0x00, 0x00, 0x00,
    0x00, 0x00, 0xFE, 0x4F, 0x00, 0x00, 0x00, 0x00, 0x00, 0x00, 0x00, 0xFE, 0x4F, 0x00, 0x00, 0x00,
    0x00, 0x00, 0x00, 0x00, 0xFE, 0x4F, 0x00, 0x00, 0x00, 0x00, 0x00, 0x00, 0x00, 0xFE, 0x4F, 0x00,
    0x00, 0x00, 0x00, 0x00, 0x00, 0x00, 0xFF, 0x3F, 0x30, 0xEA, 0x01, 0x00, 0x00, 0x00, 0x00, 0xFF,
    0x1F, 0xF0, 0xFF, 0x07, 0x00, 0x00, 0x00, 0x50, 0xFF, 0x0E, 0x90, 0xFF, 0x2F, 0x00, 0x00, 0x00,
    0xC0, 0xFF, 0x0A, 0x20, 0xFF, 0xDF, 0x02, 0x00, 0x00, 0xFA, 0xFF, 0x03, 0x00, 0xF6, 0xFF, 0xAF,
    0x77, 0xE9, 0xFF, 0x8F, 0x00, 0x00, 0x80, 0xFF, 0xFF, 0xFF, 0xFF, 0xFF, 0x0A, 0x00, 0x00, 0x00,
    0xD4, 0xFF, 0xFF, 0xFF, 0x6E, 0x00, 0x00, 0x00, 0x00, 0x00, 0x73, 0x98, 0x47, 0x00, 0x00, 0x00,
    0xD0, 0xDD, 0x01, 0x00, 0x00, 0x00, 0x00, 0x10, 0xDC, 0xDD, 0x02, 0xF0, 0xFF, 0x02, 0x00, 0x00,
    0x00, 0x00, 0xC0, 0xFF, 0x5F, 0x00, 0xF0, 0xFF, 0x02, 0x00, 0x00, 0x00, 0x00, 0xFA, 0xFF, 0x08,
    0x00, 0xF0, 0xFF, 0x02, 0x00, 0x00, 0x00, 0x70, 0xFF, 0xAF, 0x00, 0x00, 0xF0, 0xFF, 0x02, 0x00,
    0x00, 0x00, 0xF5, 0xFF, 0x0C, 0x00, 0x00, 0xF0, 0xFF, 0x02, 0x00, 0x00, 0x30, 0xFF, 0xDF, 0x01,
    0x00, 0x00, 0xF0, 0xFF, 0x02, 0x00, 0x00, 0xE2, 0xFF, 0x2E, 0x00, 0x00, 0x00, 0xF0, 0xFF, 0x02,
    0x00, 0x00, 0xFD, 0xFF, 0x03, 0x00, 0x00, 0x00, 0xF0, 0xFF, 0x02, 0x00, 0xB0, 0xFF, 0x5F, 0x00,
    0x00, 0x00, 0x00, 0xF0, 0xFF, 0x02, 0x00, 0xF9, 0xFF, 0x07, 0x00, 0x00, 0x00, 0x00, 0xF0, 0xFF,
    0x02, 0x60, 0xFF, 0x9F, 0x00, 0x00, 0x00, 0x00, 0x00, 0xF0, 0xFF, 0x02, 0xF4, 0xFF, 0x0C, 0x00,
    0x00, 0x00, 0x00, 0x00, 0xF0, 0xFF, 0x22, 0xFF, 0xFF, 0x1F, 0x00, 0x00, 0x00, 0x00, 0x00, 0xF0,
    0xFF, 0xE3, 0xFF, 0xFF, 0xBF, 0x00, 0x00, 0x00, 0x00, 0x00, 0xF0, 0xFF, 0xFD, 0xFF, 0xF8, 0xFF,
    0x07, 0x00, 0x00, 0x00, 0x00, 0xF0, 0xFF, 0xFF, 0x4F, 0xA0, 0xFF, 0x3F, 0x00, 0x00, 0x00, 0x00,
    0xF0, 0xFF, 0xFF, 0x06, 0x10, 0xFE, 0xDF, 0x00, 0x00, 0x00, 0x00, 0xF0, 0xFF, 0x9F, 0x00, 0x00,
    0xF4, 0xFF, 0x09, 0x00, 0x00, 0x00, 0xF0, 0xFF, 0x0B, 0x00, 0x00, 0x90, 0xFF, 0x4F, 0x00, 0x00,
    0x00, 0xF0, 0xFF, 0x02, 0x00, 0x00, 0x00, 0xFD, 0xEF, 0x01, 0x00, 0x00, 0xF0, 0xFF, 0x02, 0x00,
    0x00, 0x00, 0xF3, 0xFF, 0x0A, 0x00, 0x00, 0xF0, 0xFF, 0x02, 0x00, 0x00, 0x00, 0x70, 0xFF, 0x6F,
    0x00, 0x00, 0xF0, 0xFF, 0x02, 0x00, 0x00, 0x00, 0x00, 0xFC, 0xFF, 0x02, 0x00, 0xF0, 0xFF, 0x02,
    0x00, 0x00, 0x00, 0x00, 0xF2, 0xFF, 0x0C, 0x00, 0xF0, 0xFF, 0x02, 0x00, 0x00, 0x00, 0x00, 0x60,
    0xFF, 0x7F, 0x00, 0xF0, 0xFF, 0x02, 0x00, 0x00, 0x00, 0x00, 0x00, 0xFA, 0xFF, 0x03, 0xF0, 0xFF,
    0x02, 0x00, 0x00, 0x00, 0x00, 0x00, 0xE1, 0xFF, 0x0D, 0xD0, 0xDD, 0x01, 0x00, 0x00, 0x00, 0x00,
    0x00, 0xF0, 0xFF, 0x02, 0x00, 0x00, 0x00, 0x00, 0x00, 0xF0, 0xFF, 0x02, 0x00, 0x00, 0x00, 0x00,
    0x00, 0xF0, 0xFF, 0x02, 0x00, 0x00, 0x00, 0x00, 0x00, 0xF0, 0xFF, 0x02, 0x00, 0x00, 0x00, 0x00,
    0x00, 0xF0, 0xFF, 0x02, 0x00, 0x00, 0x00, 0x00, 0x00, 0xF0, 0xFF, 0x02, 0x00, 0x00, 0x00, 0x00,
    0x00, 0xF0, 0xFF, 0x02, 0x00, 0x00, 0x00, 0x00, 0x00, 0xF0, 0xFF, 0x02, 0x00, 0x00, 0x00, 0x00,
    0x00, 0xF0, 0xFF, 0x02, 0x00, 0x00, 0x00, 0x00, 0x00, 0xF0, 0xFF, 0x02, 0x00, 0x00, 0x00, 0x00,
    0x00, 0xF0, 0xFF, 0x02, 0x00, 0x00, 0x00, 0x00, 0x00, 0xF0, 0xFF, 0x02, 0x00, 0x00, 0x00, 0x00,
    0x00, 0xF0, 0xFF, 0x02, 0x00, 0x00, 0x00, 0x00, 0x00, 0xF0, 0xFF, 0x02, 0x00, 0x00, 0x00, 0x00,
    0x00, 0xF0, 0xFF, 0x02, 0x00, 0x00, 0x00, 0x00, 0x00, 0xF0, 0xFF, 0x02, 0x00, 0x00, 0x00, 0x00,
    0x00, 0xF0, 0xFF, 0x02, 0x00, 0x00, 0x00, 0x00, 0x00, 0xF0, 0xFF, 0x02, 0x00, 0x00, 0x00, 0x00,
    0x00, 0xF0, 0xFF, 0x02, 0x00, 0x00, 0x00, 0x00, 0x00, 0xF0, 0xFF, 0x02, 0x00, 0x00, 0x00, 0x00,
    0x00, 0xF0, 0xFF, 0x02, 0x00, 0x00, 0x00, 0x00, 0x00, 0xF0, 0xFF, 0x02, 0x00, 0x00, 0x00, 0x00,
    0x00, 0xF0, 0xFF, 0x02, 0x00, 0x00, 0x00, 0x00, 0x00, 0xF0, 0xFF, 0xFF, 0xFF, 0xFF, 0xFF, 0xFF,
    0xEF, 0xF0, 0xFF, 0xFF, 0xFF, 0xFF, 0xFF, 0xFF, 0xEF, 0xF0, 0xFF, 0xFF, 0xFF, 0xFF, 0xFF, 0xFF,
    0xEF, 0xD0, 0xDD, 0x8D, 0x00, 0x00, 0x00, 0x00, 0x00, 0x00, 0x00, 0x00, 0xD3, 0xDD, 0x5D, 0xF0,
    0xFF, 0xFF, 0x00, 0x00, 0x00, 0x00, 0x00, 0x00, 0x00, 0x00, 0xFA, 0xFF, 0x6F, 0xF0, 0xFF, 0xFF,
    0x06, 0x00, 0x00, 0x00, 0x00, 0x00, 0x00, 0x00, 0xFF, 0xFF, 0x6F, 0xF0, 0xFF, 0xFF, 0x0C, 0x00,
    0x00, 0x00, 0x00, 0x00, 0x00, 0x60, 0xFF, 0xFF, 0x6F, 0xF0, 0xFF, 0xFF, 0x2F, 0x00, 0x00, 0x00,
    0x00, 0x00, 0x00, 0xC0, 0xFF, 0xFF, 0x6F, 0xF0, 0xFF, 0xFA, 0x9F, 0x00, 0x00, 0x00, 0x00, 0x00,
    0x00, 0xF3, 0xFF, 0xFA, 0x6F, 0xF0, 0xFF, 0xF4, 0xEF, 0x00, 0x00, 0x00, 0x00, 0x00, 0x00, 0xF9,
    0xAF, 0xFA, 0x6F, 0xF0, 0xFF, 0xE0, 0xFF, 0x05, 0x00, 0x00, 0x00, 0x00, 0x00, 0xFF, 0x4F, 0xFA,
    0x6F, 0xF0, 0xFF, 0x70, 0xFF, 0x0B, 0x00, 0x00, 0x00, 0x00, 0x60, 0xFF, 0x0D, 0xFA, 0x6F, 0xF0,
    0xFF, 0x11, 0xFF, 0x2F, 0x00, 0x00, 0x00, 0x00, 0xC0, 0xFF, 0x07, 0xFB, 0x6F, 0xF0, 0xFF, 0x01,
    0xFA, 0x8F, 0x00, 0x00, 0x00, 0x00, 0xF2, 0xFF, 0x01, 0xFB, 0x6F, 0xF0, 0xFF, 0x01, 0xF4, 0xEF,
    0x00, 0x00, 0x00, 0x00, 0xF8, 0xAF, 0x00, 0xFB, 0x6F, 0xF0, 0xFF, 0x01, 0xE0, 0xFF, 0x05, 0x00,
    0x00, 0x00, 0xFE, 0x4F, 0x00, 0xFB, 0x6F, 0xF0, 0xFF, 0x01, 0x70, 0xFF, 0x0B, 0x00, 0x00, 0x50,
    0xFF, 0x0D, 0x00, 0xFB, 0x6F, 0xF0, 0xFF, 0x01, 0x10, 0xFF, 0x1F, 0x00, 0x00, 0xB0, 0xFF, 0x07,
    0x00, 0xFB, 0x6F, 0xF0, 0xFF, 0x01, 0x00, 0xFB, 0x7F, 0x00, 0x00, 0xF2, 0xFF, 0x01, 0x00, 0xFB,
    0x6F, 0xF0, 0xFF, 0x01, 0x00, 0xF4, 0xEF, 0x00, 0x00, 0xF8, 0xAF, 0x00, 0x00, 0xFB, 0x6F, 0xF0,
    0xFF, 0x01, 0x00, 0xE0, 0xFF, 0x04, 0x00, 0xFE, 0x4F, 0x00, 0x00, 0xFB, 0x6F, 0xF0, 0xFF, 0x01,
    0x00, 0x70, 0xFF, 0x0A, 0x40, 0xFF, 0x0D, 0x00, 0x00, 0xFB, 0x6F, 0xF0, 0xFF, 0x01, 0x00, 0x10,
    0xFF, 0x1F, 0xB0, 0xFF, 0x07, 0x00, 0x00, 0xFB, 0x6F, 0xF0, 0xFF, 0x01, 0x00, 0x00, 0xFB, 0x7F,
    0xF1, 0xFF, 0x01, 0x00, 0x00, 0xFB, 0x6F, 0xF0, 0xFF, 0x01, 0x00, 0x00, 0xF4, 0xDF, 0xF7, 0xAF,
    0x00, 0x00, 0x00, 0xFB, 0x6F, 0xF0, 0xFF, 0x01, 0x00, 0x00, 0xE0, 0xFF, 0xFF, 0x4F, 0x00, 0x00,
    0x00, 0xFB, 0x6F, 0xF0, 0xFF, 0x01, 0x00, 0x00, 0x70, 0xFF, 0xFF, 0x0D, 0x00, 0x00, 0x00, 0xFB,
    0x6F, 0xF0, 0xFF, 0x01, 0x00, 0x00, 0x10, 0xFF, 0xFF, 0x07, 0x00, 0x00, 0x00, 0xFB, 0x6F, 0xF0,
    0xFF, 0x01, 0x00, 0x00, 0x00, 0xFB, 0xFF, 0x01, 0x00, 0x00, 0x00, 0xFB, 0x6F, 0xF0, 0xFF, 0x01,
    0x00, 0x00, 0x00, 0xF4, 0xAF, 0x00, 0x00, 0x00, 0x00, 0xFB, 0x6F, 0xD0, 0xDD, 0x1C, 0x00, 0x00,
    0x00, 0x00, 0x00, 0x00, 0xD9, 0x6D, 0xF0, 0xFF, 0x9F, 0x00, 0x00, 0x00, 0x00, 0x00, 0x00, 0xFB,
    0x7F, 0xF0, 0xFF, 0xFF, 0x04, 0x00, 0x00, 0x00, 0x00, 0x00, 0xFB, 0x7F, 0xF0, 0xFF, 0xFF, 0x0D,
    0x00, 0x00, 0x00, 0x00, 0x00, 0xFB, 0x7F, 0xF0, 0xFF, 0xFE, 0x8F, 0x00, 0x00, 0x00, 0x00, 0x00,
    0xFB, 0x7F, 0xF0, 0xFF, 0xF5, 0xFF, 0x02, 0x00, 0x00, 0x00, 0x00, 0xFB, 0x7F, 0xF0, 0xFF, 0xB0,
    0xFF, 0x0C, 0x00, 0x00, 0x00, 0x00, 0xFB, 0x7F, 0xF0, 0xFF, 0x21, 0xFF, 0x6F, 0x00, 0x00, 0x00,
    0x00, 0xFB, 0x7F, 0xF0, 0xFF, 0x01, 0xF7, 0xFF, 0x01, 0x00, 0x00, 0x00, 0xFB, 0x7F, 0xF0, 0xFF,
    0x01, 0xC0, 0xFF, 0x0B, 0x00, 0x00, 0x00, 0xFB, 0x7F, 0xF0, 0xFF, 0x02, 0x30, 0xFF, 0x5F, 0x00,
    0x00, 0x00, 0xFB, 0x7F, 0xF0, 0xFF, 0x02, 0x00, 0xF8, 0xEF, 0x01, 0x00, 0x00, 0xFB, 0x7F, 0xF0,
    0xFF, 0x02, 0x00, 0xE0, 0xFF, 0x09, 0x00, 0x00, 0xFB, 0x7F, 0xF0, 0xFF, 0x02, 0x00, 0x40, 0xFF,
    0x3F, 0x00, 0x00, 0xFB, 0x7F, 0xF0, 0xFF, 0x02, 0x00, 0x00, 0xFA, 0xDF, 0x00, 0x00, 0xFB, 0x7F,
    0xF0, 0xFF, 0x02, 0x00, 0x00, 0xE1, 0xFF, 0x08, 0x00, 0xFB, 0x7F, 0xF0, 0xFF, 0x02, 0x00, 0x00,
    0x60, 0xFF, 0x2F, 0x00, 0xFA, 0x7F, 0xF0, 0xFF, 0x02, 0x00, 0x00, 0x00, 0xFB, 0xCF, 0x00, 0xFA,
    0x7F, 0xF0, 0xFF, 0x02, 0x00, 0x00, 0x00, 0xF2, 0xFF, 0x06, 0xFA, 0x7F, 0xF0, 0xFF, 0x02, 0x00,
    0x00, 0x00, 0x70, 0xFF, 0x1F, 0xF9, 0x7F, 0xF0, 0xFF, 0x02, 0x00, 0x00, 0x00, 0x00, 0xFD, 0xAF,
    0xF9, 0x7F, 0xF0, 0xFF, 0x02, 0x00, 0x00, 0x00, 0x00, 0xF3, 0xFF, 0xFD, 0x7F, 0xF0, 0xFF, 0x02,
    0x00, 0x00, 0x00, 0x00, 0x90, 0xFF, 0xFF, 0x7F, 0xF0, 0xFF, 0x02, 0x00, 0x00, 0x00, 0x00, 0x00,
    0xFE, 0xFF, 0x7F, 0xF0, 0xFF, 0x02, 0x00, 0x00, 0x00, 0x00, 0x00, 0xF5, 0xFF, 0x7F, 0xF0, 0xFF,
    0x02, 0x00, 0x00, 0x00, 0x00, 0x00, 0xA0, 0xFF, 0x7F, 0xF0, 0xFF, 0x02, 0x00, 0x00, 0x00, 0x00,
    0x00, 0x10, 0xFF, 0x7F, 0x00, 0x00, 0x00, 0x00, 0x00, 0x20, 0x65, 0x66, 0x14, 0x00, 0x00, 0x00,
    0x00, 0x00, 0x00, 0x00, 0x00, 0x00, 0x00, 0x92, 0xFE, 0xFF, 0xFF, 0xFF, 0x8D, 0x01, 0x00, 0x00,
    0x00, 0x00, 0x00, 0x00, 0x00, 0xA1, 0xFF, 0xFF, 0xFF, 0xFF, 0xFF, 0xFF, 0x8F, 0x00, 0x00, 0x00,
    0x00, 0x00, 0x00, 0x30, 0xFE, 0xFF, 0xFF, 0xAC, 0xA9, 0xFC, 0xFF, 0xFF, 0x2D, 0x00, 0x00, 0x00,
    0x00, 0x00, 0xF4, 0xFF, 0xCF, 0x04, 0x00, 0x00, 0x00, 0xD5, 0xFF, 0xEF, 0x03, 0x00, 0x00, 0x00,
    0x30, 0xFF, 0xFF, 0x05, 0x00, 0x00, 0x00, 0x00, 0x00, 0xF7, 0xFF, 0x1E, 0x00, 0x00, 0x00, 0xE1,
    0xFF, 0x3E, 0x00, 0x00, 0x00, 0x00, 0x00, 0x00, 0x40, 0xFF, 0xCF, 0x00, 0x00, 0x00, 0xF9, 0xFF,
    0x03, 0x00, 0x00, 0x00, 0x00, 0x00, 0x00, 0x00, 0xF5, 0xFF, 0x06, 0x00, 0x10, 0xFF, 0x7F, 0x00,
    0x00, 0x00, 0x00, 0x00, 0x00, 0x00, 0x00, 0xA0, 0xFF, 0x0E, 0x00, 0x70, 0xFF, 0x0E, 0x00, 0x00,
    0x00, 0x00, 0x00, 0x00, 0x00, 0x00, 0x10, 0xFF, 0x5F, 0x00, 0xC0, 0xFF, 0x08, 0x00, 0x00, 0x00,
    0x00, 0x00, 0x00, 0x00, 0x00, 0x00, 0xFB, 0xAF, 0x00, 0xF0, 0xFF, 0x03, 0x00, 0x00, 0x00, 0x00,
    0x00, 0x00, 0x00, 0x00, 0x00, 0xF6, 0xDF, 0x00, 0xF3, 0xFF, 0x00, 0x00, 0x00, 0x00, 0x00, 0x00,
    0x00, 0x00, 0x00, 0x00, 0xF3, 0xFF, 0x00, 0xF4, 0xEF, 0x00, 0x00, 0x00, 0x00, 0x00, 0x00, 0x00,
    0x00, 0x00, 0x00, 0xF1, 0xFF, 0x01, 0xF5, 0xEF, 0x00, 0x00, 0x00, 0x00, 0x00, 0x00, 0x00, 0x00,
    0x00, 0x00, 0xF0, 0xFF, 0x02, 0xF4, 0xEF, 0x00, 0x00, 0x00, 0x00, 0x00, 0x00, 0x00, 0x00, 0x00,
    0x00, 0xF1, 0xFF, 0x01, 0xF3, 0xFF, 0x00, 0x00, 0x00, 0x00, 0x00, 0x00, 0x00, 0x00, 0x00, 0x00,
    0xF3, 0xFF, 0x00, 0xF0, 0xFF, 0x03, 0x00, 0x00, 0x00, 0x00, 0x00, 0x00, 0x00, 0x00, 0x00, 0xF6,
    0xDF, 0x00, 0xD0, 0xFF, 0x08, 0x00, 0x00, 0x00, 0x00, 0x00, 0x00, 0x00, 0x00, 0x00, 0xFA, 0xAF,
    0x00, 0x80, 0xFF, 0x0E, 0x00, 0x00, 0x00, 0x00, 0x00, 0x00, 0x00, 0x00, 0x10, 0xFF, 0x5F, 0x00,
    0x20, 0xFF, 0x6F, 0x00, 0x00, 0x00, 0x00, 0x00, 0x00, 0x00, 0x00, 0x90, 0xFF, 0x0E, 0x00, 0x00,
    0xF9, 0xFF, 0x02, 0x00, 0x00, 0x00, 0x00, 0x00, 0x00, 0x00, 0xF4, 0xFF, 0x07, 0x00, 0x00, 0xE1,
    0xFF, 0x1D, 0x00, 0x00, 0x00, 0x00, 0x00, 0x00, 0x30, 0xFF, 0xDF, 0x00, 0x00, 0x00, 0x40, 0xFF,
    0xEF, 0x03, 0x00, 0x00, 0x00, 0x00, 0x00, 0xF5, 0xFF, 0x2F, 0x00, 0x00, 0x00, 0x00, 0xF6, 0xFF,
    0x9F, 0x02, 0x00, 0x00, 0x00, 0xB3, 0xFF, 0xFF, 0x04, 0x00, 0x00, 0x00, 0x00, 0x50, 0xFF, 0xFF,
    0xDF, 0x79, 0x77, 0xDA, 0xFF, 0xFF, 0x3E, 0x00, 0x00, 0x00, 0x00, 0x00, 0x00, 0xC2, 0xFF, 0xFF,
    0xFF, 0xFF, 0xFF, 0xFF, 0xAF, 0x01, 0x00, 0x00, 0x00, 0x00, 0x00, 0x00, 0x00, 0xB5, 0xFF, 0xFF,
    0xFF, 0xFF, 0xAF, 0x03, 0x00, 0x00, 0x00, 0x00, 0x00, 0x00, 0x00, 0x00, 0x00, 0x41, 0x87, 0x89,
    0x46, 0x00, 0x00, 0x00, 0x00, 0x00, 0x00, 0xD0, 0xDD, 0xDD, 0xDD, 0xDD, 0xBC, 0x27, 0x00, 0x00,
    0x00, 0xF0, 0xFF, 0xFF, 0xFF, 0xFF, 0xFF, 0xFF, 0x1A, 0x00, 0x00, 0xF0, 0xFF, 0xFF, 0xFF, 0xFF,
    0xFF, 0xFF, 0xDF, 0x01, 0x00, 0xF0, 0xFF, 0x24, 0x22, 0x22, 0x63, 0xFC, 0xFF, 0x0C, 0x00, 0xF0,
    0xFF, 0x02, 0x00, 0x00, 0x00, 0x80, 0xFF, 0x6F, 0x00, 0xF0, 0xFF, 0x02, 0x00, 0x00, 0x00, 0x00,
    0xFB, 0xDF, 0x00, 0xF0, 0xFF, 0x02, 0x00, 0x00, 0x00, 0x00, 0xF3, 0xFF, 0x02, 0xF0, 0xFF, 0x02,
    0x00, 0x00, 0x00, 0x00, 0xF0, 0xFF, 0x04, 0xF0, 0xFF, 0x02, 0x00, 0x00, 0x00, 0x00, 0xD0, 0xFF,
    0x05, 0xF0, 0xFF, 0x02, 0x00, 0x00, 0x00, 0x00, 0xE0, 0xFF, 0x05, 0xF0, 0xFF, 0x02, 0x00, 0x00,
    0x00, 0x00, 0xF1, 0xFF, 0x03, 0xF0, 0xFF, 0x02, 0x00, 0x00, 0x00, 0x00, 0xF8, 0xFF, 0x00, 0xF0,
    0xFF, 0x02, 0x00, 0x00, 0x00, 0x40, 0xFF, 0x9F, 0x00, 0xF0, 0xFF, 0x02, 0x00, 0x00, 0x20, 0xF9,
    0xFF, 0x1E, 0x00, 0xF0, 0xFF, 0xFF, 0xFF, 0xFF, 0xFF, 0xFF, 0xFF, 0x03, 0x00, 0xF0, 0xFF, 0xFF,
    0xFF, 0xFF, 0xFF, 0xFF, 0x2C, 0x00, 0x00, 0xF0, 0xFF, 0xFF, 0xFF, 0xFF, 0xDF, 0x49, 0x00, 0x00,
    0x00, 0xF0, 0xFF, 0x02, 0x00, 0x00, 0x00, 0x00, 0x00, 0x00, 0x00, 0xF0, 0xFF, 0x02, 0x00, 0x00,
    0x00, 0x00, 0x00, 0x00, 0x00, 0xF0, 0xFF, 0x02, 0x00, 0x00, 0x00, 0x00, 0x00, 0x00, 0x00, 0xF0,
    0xFF, 0x02, 0x00, 0x00, 0x00, 0x00, 0x00, 0x00, 0x00, 0xF0, 0xFF, 0x02, 0x00, 0x00, 0x00, 0x00,
    0x00, 0x00, 0x00, 0xF0, 0xFF, 0x02, 0x00, 0x00, 0x00, 0x00, 0x00, 0x00, 0x00, 0xF0, 0xFF, 0x02,
    0x00, 0x00, 0x00, 0x00, 0x00, 0x00, 0x00, 0xF0, 0xFF, 0x02, 0x00, 0x00, 0x00, 0x00, 0x00, 0x00,
    0x00, 0xF0, 0xFF, 0x02, 0x00, 0x00, 0x00, 0x00, 0x00, 0x00, 0x00, 0xF0, 0xFF, 0x02, 0x00, 0x00,
    0x00, 0x00, 0x00, 0x00, 0x00, 0x00, 0x00, 0x00, 0x00, 0x00, 0x20, 0x65, 0x66, 0x14, 0x00, 0x00,
    0x00, 0x00, 0x00, 0x00, 0x00, 0x00, 0x00, 0x00, 0x92, 0xFE, 0xFF, 0xFF, 0xFF, 0x8D, 0x01, 0x00,
    0x00, 0x00, 0x00, 0x00, 0x00, 0x00, 0xA1, 0xFF, 0xFF, 0xFF, 0xFF, 0xFF, 0xFF, 0x8F, 0x00, 0x00,
    0x00, 0x00, 0x00, 0x00, 0x30, 0xFE, 0xFF, 0xFF, 0xAC, 0xA9, 0xFC, 0xFF, 0xFF, 0x2D, 0x00, 0x00,
    0x00, 0x00, 0x00, 0xF4, 0xFF, 0xCF, 0x04, 0x00, 0x00, 0x00, 0xD5, 0xFF, 0xEF, 0x03, 0x00, 0x00,
    0x00, 0x30, 0xFF, 0xFF, 0x05, 0x00, 0x00, 0x00, 0x00, 0x00, 0xF7, 0xFF, 0x1E, 0x00, 0x00, 0x00,
    0xE1, 0xFF, 0x3E, 0x00, 0x00, 0x00, 0x00, 0x00, 0x00, 0x40, 0xFF, 0xCF, 0x00, 0x00, 0x00, 0xF9,
    0xFF, 0x03, 0x00, 0x00, 0x00, 0x00, 0x00, 0x00, 0x00, 0xF5, 0xFF, 0x06, 0x00, 0x10, 0xFF, 0x7F,
    0x00, 0x00, 0x00, 0x00, 0x00, 0x00, 0x00, 0x00, 0xA0, 0xFF, 0x0E, 0x00, 0x70, 0xFF, 0x0E, 0x00,
    0x00, 0x00, 0x00, 0x00, 0x00, 0x00, 0x00, 0x10, 0xFF, 0x5F, 0x00, 0xC0, 0xFF, 0x08, 0x00, 0x00,
    0x00, 0x00, 0x00, 0x00, 0x00, 0x00, 0x00, 0xFB, 0xAF, 0x00, 0xF0, 0xFF, 0x03, 0x00, 0x00, 0x00,
    0x00, 0x00, 0x00, 0x00, 0x00, 0x00, 0xF6, 0xDF, 0x00, 0xF3, 0xFF, 0x00, 0x00, 0x00, 0x00, 0x00,
    0x00, 0x00, 0x00, 0x00, 0x00, 0xF3, 0xFF, 0x00, 0xF4, 0xEF, 0x00, 0x00, 0x00, 0x00, 0x00, 0x00,
    0x00, 0x00, 0x00, 0x00, 0xF1, 0xFF, 0x01, 0xF5, 0xEF, 0x00, 0x00, 0x00, 0x00, 0x00, 0x00, 0x00,
    0x00, 0x00, 0x00, 0xF0, 0xFF, 0x02, 0xF4, 0xEF, 0x00, 0x00, 0x00, 0x00, 0x00, 0x00, 0x00, 0x00,
    0x00, 0x00, 0xF1, 0xFF, 0x01, 0xF3, 0xFF, 0x00, 0x00, 0x00, 0x00, 0x00, 0x00, 0x00, 0x00, 0x00,
    0x00, 0xF3, 0xFF, 0x00, 0xF0, 0xFF, 0x03, 0x00, 0x00, 0x00, 0x00, 0x00, 0x00, 0x00, 0x00, 0x00,
    0xF6, 0xDF, 0x00, 0xD0, 0xFF, 0x08, 0x00, 0x00, 0x00, 0x00, 0x00, 0x70, 0x0D, 0x00, 0x00, 0xFA,
    0xAF, 0x00, 0x80, 0xFF, 0x0E, 0x00, 0x00, 0x00, 0x00, 0x00, 0xFA, 0x9F, 0x00, 0x10, 0xFF, 0x5F,
    0x00, 0x20, 0xFF, 0x6F, 0x00, 0x00, 0x00, 0x00, 0x00, 0xF3, 0xFF, 0x04, 0x90, 0xFF, 0x0E, 0x00,
    0x00, 0xF9, 0xFF, 0x02, 0x00, 0x00, 0x00, 0x00, 0x90, 0xFF, 0x0E, 0xF4, 0xFF, 0x07, 0x00, 0x00,
    0xE1, 0xFF, 0x1D, 0x00, 0x00, 0x00, 0x00, 0x00, 0xFD, 0xBF, 0xFF, 0xDF, 0x00, 0x00, 0x00, 0x40,
    0xFF, 0xEF, 0x03, 0x00, 0x00, 0x00, 0x00, 0xF4, 0xFF, 0xFF, 0x2F, 0x00, 0x00, 0x00, 0x00, 0xF6,
    0xFF, 0x9F, 0x02, 0x00, 0x00, 0x00, 0xE3, 0xFF, 0xFF, 0x04, 0x00, 0x00, 0x00, 0x00, 0x50, 0xFF,
    0xFF, 0xDF, 0x79, 0x77, 0xDA, 0xFF, 0xFF, 0xBF, 0x00, 0x00, 0x00, 0x00, 0x00, 0x00, 0xC2, 0xFF,
    0xFF, 0xFF, 0xFF, 0xFF, 0xFF, 0xFF, 0xFF, 0x05, 0x00, 0x00, 0x00, 0x00, 0x00, 0x00, 0xB5, 0xFF,
    0xFF, 0xFF, 0xFF, 0xAF, 0x93, 0xFF, 0x1E, 0x00, 0x00, 0x00, 0x00, 0x00, 0x00, 0x00, 0x41, 0x87,
    0x89, 0x46, 0x00, 0x00, 0xFE, 0x9F, 0x00, 0x00, 0x00, 0x00, 0x00, 0x00, 0x00, 0x00, 0x00, 0x00,
    0x00, 0x00, 0x00, 0xF4, 0x09, 0x00, 0x00, 0x00, 0x00, 0x00, 0x00, 0x00, 0x00, 0x00, 0x00, 0x00,
    0x00, 0x00, 0x20, 0x00, 0x00, 0x00, 0xD0, 0xDD, 0xDD, 0xDD, 0xDD, 0xBD, 0x28, 0x00, 0x00, 0x00,
    0xF0, 0xFF, 0xFF, 0xFF, 0xFF, 0xFF, 0xFF, 0x1A, 0x00, 0x00, 0xF0, 0xFF, 0xFF, 0xFF, 0xFF, 0xFF,
    0xFF, 0xDF, 0x02, 0x00, 0xF0, 0xFF, 0x24, 0x22, 0x22, 0x63, 0xFC, 0xFF, 0x0D, 0x00, 0xF0, 0xFF,
    0x02, 0x00, 0x00, 0x00, 0x70, 0xFF, 0x8F, 0x00, 0xF0, 0xFF, 0x02, 0x00, 0x00, 0x00, 0x00, 0xF9,
    0xEF, 0x00, 0xF0, 0xFF, 0x02, 0x00, 0x00, 0x00, 0x00, 0xF2, 0xFF, 0x03, 0xF0, 0xFF, 0x02, 0x00,
    0x00, 0x00, 0x00, 0xE0, 0xFF, 0x05, 0xF0, 0xFF, 0x02, 0x00, 0x00, 0x00, 0x00, 0xE0, 0xFF, 0x05,
    0xF0, 0xFF, 0x02, 0x00, 0x00, 0x00, 0x00, 0xF0, 0xFF, 0x03, 0xF0, 0xFF, 0x02, 0x00, 0x00, 0x00,
    0x00, 0xF6, 0xFF, 0x00, 0xF0, 0xFF, 0x02, 0x00, 0x00, 0x00, 0x30, 0xFF, 0xAF, 0x00, 0xF0, 0xFF,
    0x02, 0x00, 0x00, 0x00, 0xF6, 0xFF, 0x2F, 0x00, 0xF0, 0xFF, 0xCC, 0xCC, 0xCC, 0xFD, 0xFF, 0xFF,
    0x05, 0x00, 0xF0, 0xFF, 0xFF, 0xFF, 0xFF, 0xFF, 0xFF, 0x4E, 0x00, 0x00, 0xF0, 0xFF, 0xFF, 0xFF,
    0xFF, 0xFF, 0x7D, 0x00, 0x00, 0x00, 0xF0, 0xFF, 0x35, 0x33, 0xF5, 0xFF, 0x06, 0x00, 0x00, 0x00,
    0xF0, 0xFF, 0x02, 0x00, 0x90, 0xFF, 0x2F, 0x00, 0x00, 0x00, 0xF0, 0xFF, 0x02, 0x00, 0x00, 0xFE,
    0xCF, 0x00, 0x00, 0x00, 0xF0, 0xFF, 0x02, 0x00, 0x00, 0xF4, 0xFF, 0x07, 0x00, 0x00, 0xF0, 0xFF,
    0x02, 0x00, 0x00, 0x90, 0xFF, 0x2F, 0x00, 0x00, 0xF0, 0xFF, 0x02, 0x00, 0x00, 0x10, 0xFE, 0xCF,
    0x00, 0x00, 0xF0, 0xFF, 0x02, 0x00, 0x00, 0x00, 0xF4, 0xFF, 0x07, 0x00, 0xF0, 0xFF, 0x02, 0x00,
    0x00, 0x00, 0xA0, 0xFF, 0x3F, 0x00, 0xF0, 0xFF, 0x02, 0x00, 0x00, 0x00, 0x10, 0xFE, 0xDF, 0x00,
    0xF0, 0xFF, 0x02, 0x00, 0x00, 0x00, 0x00, 0xF5, 0xFF, 0x08, 0xF0, 0xFF, 0x02, 0x00, 0x00, 0x00,
    0x00, 0xA0, 0xFF, 0x3F, 0x00, 0x00, 0x00, 0x40, 0x66, 0x35, 0x00, 0x00, 0x00, 0x00, 0x00, 0x00,
    0xA2, 0xFF, 0xFF, 0xFF, 0x8E, 0x00, 0x00, 0x00, 0x00, 0x50, 0xFF, 0xFF, 0xFF, 0xFF, 0xFF, 0x2D,
    0x00, 0x00, 0x00, 0xF5, 0xFF, 0xDF, 0x99, 0xEA, 0xFF, 0xEF, 0x01, 0x00, 0x10, 0xFF, 0xEF, 0x04,
    0x00, 0x00, 0xF7, 0xFF, 0x0B, 0x00, 0x70, 0xFF, 0x2F, 0x00, 0x00, 0x00, 0x60, 0xFF, 0x5F, 0x00,
    0xB0, 0xFF, 0x08, 0x00, 0x00, 0x00, 0x00, 0xDB, 0x06, 0x00, 0xD0, 0xFF, 0x05, 0x00, 0x00, 0x00,
    0x00, 0x01, 0x00, 0x00, 0xD0, 0xFF, 0x07, 0x00, 0x00, 0x00, 0x00, 0x00, 0x00, 0x00, 0xA0, 0xFF,
    0x0D, 0x00, 0x00, 0x00, 0x00, 0x00, 0x00, 0x00, 0x40, 0xFF, 0xBF, 0x01, 0x00, 0x00, 0x00, 0x00,
    0x00, 0x00, 0x00, 0xFA, 0xFF, 0x9F, 0x03, 0x00, 0x00, 0x00, 0x00, 0x00, 0x00, 0xB0, 0xFF, 0xFF,
    0xDF, 0x27, 0x00, 0x00, 0x00, 0x00, 0x00, 0x00, 0xE6, 0xFF, 0xFF, 0xFF, 0x4B, 0x00, 0x00, 0x00,
    0x00, 0x00, 0x00, 0xD7, 0xFF, 0xFF, 0xFF, 0x1B, 0x00, 0x00, 0x00, 0x00, 0x00, 0x00, 0x93, 0xFF,
    0xFF, 0xEF, 0x03, 0x00, 0x00, 0x00, 0x00, 0x00, 0x00, 0x60, 0xFD, 0xFF, 0x1E, 0x00, 0x00, 0x00,
    0x00, 0x00, 0x00, 0x00, 0x90, 0xFF, 0x9F, 0x00, 0x00, 0x00, 0x00, 0x00, 0x00, 0x00, 0x00, 0xFA,
    0xFF, 0x00, 0x00, 0x00, 0x00, 0x00, 0x00, 0x00, 0x00, 0xF1, 0xFF, 0x03, 0x20, 0x39, 0x00, 0x00,
    0x00, 0x00, 0x00, 0xE0, 0xFF, 0x05, 0xFA, 0xBF, 0x00, 0x00, 0x00, 0x00, 0x00, 0xE0, 0xFF, 0x04,
    0xF6, 0xFF, 0x04, 0x00, 0x00, 0x00, 0x00, 0xF2, 0xFF, 0x02, 0xE0, 0xFF, 0x1E, 0x00, 0x00, 0x00,
    0x00, 0xFA, 0xDF, 0x00, 0x50, 0xFF, 0xEF, 0x03, 0x00, 0x00, 0xA1, 0xFF, 0x6F, 0x00, 0x00, 0xF9,
    0xFF, 0xCF, 0x78, 0xA7, 0xFF, 0xFF, 0x0A, 0x00, 0x00, 0x90, 0xFF, 0xFF, 0xFF, 0xFF, 0xFF, 0x9F,
    0x00, 0x00, 0x00, 0x00, 0xC4, 0xFF, 0xFF, 0xFF, 0xCF, 0x04, 0x00, 0x00, 0x00, 0x00, 0x00, 0x62,
    0x98, 0x68, 0x02, 0x00, 0x00, 0x00, 0xD0, 0xDD, 0xDD, 0xDD, 0xDD, 0xDD, 0xDD, 0xDD, 0xDD, 0x1D,
    0xF1, 0xFF, 0xFF, 0xFF, 0xFF, 0xFF, 0xFF, 0xFF, 0xFF, 0x2F, 0xF1, 0xFF, 0xFF, 0xFF, 0xFF, 0xFF,
    0xFF, 0xFF, 0xFF, 0x2F, 0x20, 0x22, 0x22, 0x22, 0xF9, 0xBF, 0x22, 0x22, 0x22, 0x02, 0x00, 0x00,
    0x00, 0x00, 0xF8, 0xAF, 0x00, 0x00, 0x00, 0x00, 0x00, 0x00, 0x00, 0x00, 0xF8, 0xAF, 0x00, 0x00,
    0x00, 0x00, 0x00, 0x00, 0x00, 0x00, 0xF8, 0xAF, 0x00, 0x00, 0x00, 0x00, 0x00, 0x00, 0x00, 0x00,
    0xF8, 0xAF, 0x00, 0x00, 0x00, 0x00, 0x00, 0x00, 0x00, 0x00, 0xF8, 0xAF, 0x00, 0x00, 0x00, 0x00,
    0x00, 0x00, 0x00, 0x00, 0xF8, 0xAF, 0x00, 0x00, 0x00, 0x00, 0x00, 0x00, 0x00, 0x00, 0xF8, 0xAF,
    0x00, 0x00, 0x00, 0x00, 0x00, 0x00, 0x00, 0x00, 0xF8, 0xAF, 0x00, 0x00, 0x00, 0x00, 0x00, 0x00,
    0x00, 0x00, 0xF8, 0xAF, 0x00, 0x00, 0x00, 0x00, 0x00, 0x00, 0x00, 0x00, 0xF8, 0xAF, 0x00, 0x00,
    0x00, 0x00, 0x00, 0x00, 0x00, 0x00, 0xF8, 0xAF, 0x00, 0x00, 0x00, 0x00, 0x00, 0x00, 0x00, 0x00,
    0xF8, 0xAF, 0x00, 0x00, 0x00, 0x00, 0x00, 0x00, 0x00, 0x00, 0xF8, 0xAF, 0x00, 0x00, 0x00, 0x00,
    0x00, 0x00, 0x00, 0x00, 0xF8, 0xAF, 0x00, 0x00, 0x00, 0x00, 0x00, 0x00, 0x00, 0x00, 0xF8, 0xAF,
    0x00, 0x00, 0x00, 0x00, 0x00, 0x00, 0x00, 0x00, 0xF8, 0xAF, 0x00, 0x00, 0x00, 0x00, 0x00, 0x00,
    0x00, 0x00, 0xF8, 0xAF, 0x00, 0x00, 0x00, 0x00, 0x00, 0x00, 0x00, 0x00, 0xF8, 0xAF, 0x00, 0x00,
    0x00, 0x00, 0x00, 0x00, 0x00, 0x00, 0xF8, 0xAF, 0x00, 0x00, 0x00, 0x00, 0x00, 0x00, 0x00, 0x00,
    0xF8, 0xAF, 0x00, 0x00, 0x00, 0x00, 0x00, 0x00, 0x00, 0x00, 0xF8, 0xAF, 0x00, 0x00, 0x00, 0x00,
    0x00, 0x00, 0x00, 0x00, 0xF8, 0xAF, 0x00, 0x00, 0x00, 0x00, 0x00, 0x00, 0x00, 0x00, 0xF8, 0xAF,
    0x00, 0x00, 0x00, 0x00, 0xD8, 0x6D, 0x00, 0x00, 0x00, 0x00, 0x00, 0x00, 0xD0, 0xDD, 0x01, 0xFA,
    0x8F, 0x00, 0x00, 0x00, 0x00, 0x00, 0x00, 0xF1, 0xFF, 0x01, 0xFA, 0x8F, 0x00, 0x00, 0x00, 0x00,
    0x00, 0x00, 0xF1, 0xFF, 0x01, 0xFA, 0x8F, 0x00, 0x00, 0x00, 0x00, 0x00, 0x00, 0xF1, 0xFF, 0x01,
    0xFA, 0x8F, 0x00, 0x00, 0x00, 0x00, 0x00, 0x00, 0xF1, 0xFF, 0x01, 0xFA, 0x8F, 0x00, 0x00, 0x00,
    0x00, 0x00, 0x00, 0xF1, 0xFF, 0x01, 0xFA, 0x8F, 0x00, 0x00, 0x00, 0x00, 0x00, 0x00, 0xF1, 0xFF,
    0x01, 0xFA, 0x8F, 0x00, 0x00, 0x00, 0x00, 0x00, 0x00, 0xF1, 0xFF, 0x01, 0xFA, 0x8F, 0x00, 0x00,
    0x00, 0x00, 0x00, 0x00, 0xF1, 0xFF, 0x01, 0xFA, 0x8F, 0x00, 0x00, 0x00, 0x00, 0x00, 0x00, 0xF1,
    0xFF, 0x01, 0xFA, 0x8F, 0x00, 0x00, 0x00, 0x00, 0x00, 0x00, 0xF1, 0xFF, 0x01, 0xFA, 0x8F, 0x00,
    0x00, 0x00, 0x00, 0x00, 0x00, 0xF1, 0xFF, 0x01, 0xFA, 0x8F, 0x00, 0x00, 0x00, 0x00, 0x00, 0x00,
    0xF1, 0xFF, 0x01, 0xFA, 0x8F, 0x00, 0x00, 0x00, 0x00, 0x00, 0x00, 0xF1, 0xFF, 0x01, 0xFA, 0x8F,
    0x00, 0x00, 0x00, 0x00, 0x00, 0x00, 0xF1, 0xFF, 0x01, 0xFA, 0x8F, 0x00, 0x00, 0x00, 0x00, 0x00,
    0x00, 0xF1, 0xFF, 0x01, 0xFA, 0x8F, 0x00, 0x00, 0x00, 0x00, 0x00, 0x00, 0xF1, 0xFF, 0x01, 0xFA,
    0x8F, 0x00, 0x00, 0x00, 0x00, 0x00, 0x00, 0xF1, 0xFF, 0x01, 0xF9, 0x9F, 0x00, 0x00, 0x00, 0x00,
    0x00, 0x00, 0xF2, 0xFF, 0x00, 0xF7, 0xCF, 0x00, 0x00, 0x00, 0x00, 0x00, 0x00, 0xF5, 0xEF, 0x00,
    0xF3, 0xFF, 0x01, 0x00, 0x00, 0x00, 0x00, 0x00, 0xF9, 0xAF, 0x00, 0xE0, 0xFF, 0x08, 0x00, 0x00,
    0x00, 0x00, 0x10, 0xFF, 0x5F, 0x00, 0x70, 0xFF, 0x4F, 0x00, 0x00, 0x00, 0x00, 0xC0, 0xFF, 0x0E,
    0x00, 0x00, 0xFD, 0xFF, 0x06, 0x00, 0x00, 0x20, 0xFC, 0xFF, 0x05, 0x00, 0x00, 0xE2, 0xFF, 0xEF,
    0x79, 0x87, 0xFC, 0xFF, 0x9F, 0x00, 0x00, 0x00, 0x20, 0xFD, 0xFF, 0xFF, 0xFF, 0xFF, 0xFF, 0x08,
    0x00, 0x00, 0x00, 0x00, 0x80, 0xFE, 0xFF, 0xFF, 0xFF, 0x4C, 0x00, 0x00, 0x00, 0x00, 0x00, 0x00,
    0x40, 0x87, 0x89, 0x25, 0x00, 0x00, 0x00, 0x00, 0xD4, 0xDD, 0x01, 0x00, 0x00, 0x00, 0x00, 0x00,
    0x00, 0x60, 0xDD, 0x0C, 0xF0, 0xFF, 0x07, 0x00, 0x00, 0x00, 0x00, 0x00, 0x00, 0xD0, 0xFF, 0x09,
    0xA0, 0xFF, 0x0D, 0x00, 0x00, 0x00, 0x00, 0x00, 0x00, 0xF2, 0xFF, 0x03, 0x40, 0xFF, 0x2F, 0x00,
    0x00, 0x00, 0x00, 0x00, 0x00, 0xF8, 0xDF, 0x00, 0x00, 0xFE, 0x8F, 0x00, 0x00, 0x00, 0x00, 0x00,
    0x00, 0xFE, 0x8F, 0x00, 0x00, 0xF9, 0xDF, 0x00, 0x00, 0x00, 0x00, 0x00, 0x30, 0xFF, 0x2F, 0x00,
    0x00, 0xF3, 0xFF, 0x03, 0x00, 0x00, 0x00, 0x00, 0x90, 0xFF, 0x0C, 0x00, 0x00, 0xD0, 0xFF, 0x08,
    0x00, 0x00, 0x00, 0x00, 0xE0, 0xFF, 0x06, 0x00, 0x00, 0x80, 0xFF, 0x0E, 0x00, 0x00, 0x00, 0x00,
    0xF5, 0xFF, 0x00, 0x00, 0x00, 0x20, 0xFF, 0x3F, 0x00, 0x00, 0x00, 0x00, 0xFA, 0xAF, 0x00, 0x00,
    0x00, 0x00, 0xFC, 0x9F, 0x00, 0x00, 0x00, 0x00, 0xFF, 0x4F, 0x00, 0x00, 0x00, 0x00, 0xF7, 0xEF,
    0x00, 0x00, 0x00, 0x60, 0xFF, 0x0E, 0x00, 0x00, 0x00, 0x00, 0xF1, 0xFF, 0x04, 0x00, 0x00, 0xB0,
    0xFF, 0x08, 0x00, 0x00, 0x00, 0x00, 0xB0, 0xFF, 0x09, 0x00, 0x00, 0xF1, 0xFF, 0x03, 0x00, 0x00,
    0x00, 0x00, 0x60, 0xFF, 0x0E, 0x00, 0x00, 0xF7, 0xDF, 0x00, 0x00, 0x00, 0x00, 0x00, 0x00, 0xFF,
    0x4F, 0x00, 0x00, 0xFC, 0x7F, 0x00, 0x00, 0x00, 0x00, 0x00, 0x00, 0xFA, 0xAF, 0x00, 0x20, 0xFF,
    0x1F, 0x00, 0x00, 0x00, 0x00, 0x00, 0x00, 0xF4, 0xFF, 0x00, 0x80, 0xFF, 0x0B, 0x00, 0x00, 0x00,
    0x00, 0x00, 0x00, 0xE0, 0xFF, 0x05, 0xE0, 0xFF, 0x05, 0x00, 0x00, 0x00, 0x00, 0x00, 0x00, 0x90,
    0xFF, 0x0B, 0xF3, 0xFF, 0x00, 0x00, 0x00, 0x00, 0x00, 0x00, 0x00, 0x30, 0xFF, 0x0F, 0xF9, 0x9F,
    0x00, 0x00, 0x00, 0x00, 0x00, 0x00, 0x00, 0x00, 0xFD, 0x6F, 0xFE, 0x3F, 0x00, 0x00, 0x00, 0x00,
    0x00, 0x00, 0x00, 0x00, 0xF8, 0xEF, 0xFF, 0x0D, 0x00, 0x00, 0x00, 0x00, 0x00, 0x00, 0x00, 0x00,
    0xF2, 0xFF, 0xFF, 0x08, 0x00, 0x00, 0x00, 0x00, 0x00, 0x00, 0x00, 0x00, 0xC0, 0xFF, 0xFF, 0x02,
    0x00, 0x00, 0x00, 0x00, 0x00, 0x00, 0x00, 0x00, 0x70, 0xFF, 0xCF, 0x00, 0x00, 0x00, 0x00, 0x00,
    0x00, 0x00, 0x00, 0x00, 0x10, 0xFF, 0x6F, 0x00, 0x00, 0x00, 0x00, 0x00, 0xD2, 0xDD, 0x02, 0x00,
    0x00, 0x00, 0x00, 0x00, 0xDC, 0x8D, 0x00, 0x00, 0x00, 0x00, 0x00, 0xB0, 0xDD, 0x09, 0xE0, 0xFF,
    0x07, 0x00, 0x00, 0x00, 0x00, 0x30, 0xFF, 0xDF, 0x00, 0x00, 0x00, 0x00, 0x00, 0xF1, 0xFF, 0x06,
    0xA0, 0xFF, 0x0B, 0x00, 0x00, 0x00, 0x00, 0x80, 0xFF, 0xFF, 0x02, 0x00, 0x00, 0x00, 0x00, 0xF5,
    0xFF, 0x02, 0x60, 0xFF, 0x0E, 0x00, 0x00, 0x00, 0x00, 0xC0, 0xFF, 0xFF, 0x07, 0x00, 0x00, 0x00,
    0x00, 0xF9, 0xEF, 0x00, 0x10, 0xFF, 0x3F, 0x00, 0x00, 0x00, 0x00, 0xF1, 0xFF, 0xFF, 0x0B, 0x00,
    0x00, 0x00, 0x00, 0xFD, 0x9F, 0x00, 0x00, 0xFD, 0x7F, 0x00, 0x00, 0x00, 0x00, 0xF6, 0xDF, 0xFF,
    0x0F, 0x00, 0x00, 0x00, 0x10, 0xFF, 0x5F, 0x00, 0x00, 0xF9, 0xBF, 0x00, 0x00, 0x00, 0x00, 0xFB,
    0x7F, 0xFC, 0x5F, 0x00, 0x00, 0x00, 0x50, 0xFF, 0x1F, 0x00, 0x00, 0xF5, 0xEF, 0x00, 0x00, 0x00,
    0x00, 0xFF, 0x2F, 0xF8, 0x9F, 0x00, 0x00, 0x00, 0x90, 0xFF, 0x0C, 0x00, 0x00, 0xF0, 0xFF, 0x03,
    0x00, 0x00, 0x50, 0xFF, 0x0D, 0xF3, 0xEF, 0x00, 0x00, 0x00, 0xD0, 0xFF, 0x08, 0x00, 0x00, 0xC0,
    0xFF, 0x07, 0x00, 0x00, 0xA0, 0xFF, 0x08, 0xE0, 0xFF, 0x03, 0x00, 0x00, 0xF1, 0xFF, 0x04, 0x00,
    0x00, 0x80, 0xFF, 0x0B, 0x00, 0x00, 0xF0, 0xFF, 0x03, 0x90, 0xFF, 0x08, 0x00, 0x00, 0xF4, 0xFF,
    0x00, 0x00, 0x00, 0x30, 0xFF, 0x0E, 0x00, 0x00, 0xF4, 0xEF, 0x00, 0x50, 0xFF, 0x0C, 0x00, 0x00,
    0xF8, 0xBF, 0x00, 0x00, 0x00, 0x00, 0xFF, 0x3F, 0x00, 0x00, 0xF9, 0x9F, 0x00, 0x00, 0xFF, 0x1F,
    0x00, 0x00, 0xFC, 0x7F, 0x00, 0x00, 0x00, 0x00, 0xFB, 0x7F, 0x00, 0x00, 0xFD, 0x4F, 0x00, 0x00,
    0xFB, 0x6F, 0x00, 0x00, 0xFF, 0x3F, 0x00, 0x00, 0x00, 0x00, 0xF7, 0xBF, 0x00, 0x20, 0xFF, 0x0F,
    0x00, 0x00, 0xF6, 0xAF, 0x00, 0x40, 0xFF, 0x0E, 0x00, 0x00, 0x00, 0x00, 0xF2, 0xEF, 0x00, 0x70,
    0xFF, 0x0B, 0x00, 0x00, 0xF1, 0xFF, 0x00, 0x80, 0xFF, 0x0A, 0x00, 0x00, 0x00, 0x00, 0xE0, 0xFF,
    0x03, 0xC0, 0xFF, 0x06, 0x00, 0x00, 0xD0, 0xFF, 0x04, 0xC0, 0xFF, 0x06, 0x00, 0x00, 0x00, 0x00,
    0xA0, 0xFF, 0x07, 0xF1, 0xFF, 0x01, 0x00, 0x00, 0x80, 0xFF, 0x08, 0xF0, 0xFF, 0x01, 0x00, 0x00,
    0x00, 0x00, 0x50, 0xFF, 0x0B, 0xF6, 0xCF, 0x00, 0x00, 0x00, 0x30, 0xFF, 0x0D, 0xF4, 0xDF, 0x00,
    0x00, 0x00, 0x00, 0x00, 0x10, 0xFF, 0x0E, 0xFB, 0x7F, 0x00, 0x00, 0x00, 0x00, 0xFE, 0x2F, 0xF8,
    0x9F, 0x00, 0x00, 0x00, 0x00, 0x00, 0x00, 0xFD, 0x3F, 0xFF, 0x2F, 0x00, 0x00, 0x00, 0x00, 0xFA,
    0x6F, 0xFC, 0x4F, 0x00, 0x00, 0x00, 0x00, 0x00, 0x00, 0xF9, 0xCF, 0xFF, 0x0D, 0x00, 0x00, 0x00,
    0x00, 0xF5, 0xCF, 0xFF, 0x0F, 0x00, 0x00, 0x00, 0x00, 0x00, 0x00, 0xF4, 0xFF, 0xFF, 0x08, 0x00,
    0x00, 0x00, 0x00, 0xF0, 0xFF, 0xFF, 0x0C, 0x00, 0x00, 0x00, 0x00, 0x00, 0x00, 0xF0, 0xFF, 0xFF,
    0x03, 0x00, 0x00, 0x00, 0x00, 0xB0, 0xFF, 0xFF, 0x08, 0x00, 0x00, 0x00, 0x00, 0x00, 0x00, 0xC0,
    0xFF, 0xEF, 0x00, 0x00, 0x00, 0x00, 0x00, 0x60, 0xFF, 0xFF, 0x03, 0x00, 0x00, 0x00, 0x00, 0x00,
    0x00, 0x70, 0xFF, 0xAF, 0x00, 0x00, 0x00, 0x00, 0x00, 0x20, 0xFF, 0xFF, 0x00, 0x00, 0x00, 0x00,
    0x00, 0x00, 0x00, 0x30, 0xFF, 0x5F, 0x00, 0x00, 0x00, 0x00, 0x00, 0x00, 0xFD, 0xBF, 0x00, 0x00,
    0x00, 0x00, 0x90, 0xDD, 0x2D, 0x00, 0x00, 0x00, 0x00, 0x00, 0x00, 0xD9, 0xDD, 0x02, 0x10, 0xFF,
    0xCF, 0x00, 0x00, 0x00, 0x00, 0x00, 0x50, 0xFF, 0x8F, 0x00, 0x00, 0xF6, 0xFF, 0x07, 0x00, 0x00,
    0x00, 0x00, 0xE1, 0xFF, 0x0D, 0x00, 0x00, 0xB0, 0xFF, 0x2F, 0x00, 0x00, 0x00, 0x00, 0xF9, 0xFF,
    0x03, 0x00, 0x00, 0x10, 0xFF, 0xCF, 0x00, 0x00, 0x00, 0x40, 0xFF, 0x8F, 0x00, 0x00, 0x00, 0x00,
    0xF6, 0xFF, 0x06, 0x00, 0x00, 0xD0, 0xFF, 0x0D, 0x00, 0x00, 0x00, 0x00, 0xB0, 0xFF, 0x2F, 0x00,
    0x00, 0xF9, 0xFF, 0x03, 0x00, 0x00, 0x00, 0x00, 0x10, 0xFE, 0xBF, 0x00, 0x30, 0xFF, 0x7F, 0x00,
    0x00, 0x00, 0x00, 0x00, 0x00, 0xF5, 0xFF, 0x06, 0xD0, 0xFF, 0x0C, 0x00, 0x00, 0x00, 0x00, 0x00,
    0x00, 0xB0, 0xFF, 0x1F, 0xF8, 0xFF, 0x02, 0x00, 0x00, 0x00, 0x00, 0x00, 0x00, 0x10, 0xFE, 0xCF,
    0xFF, 0x7F, 0x00, 0x00, 0x00, 0x00, 0x00, 0x00, 0x00, 0x00, 0xF5, 0xFF, 0xFF, 0x0C, 0x00, 0x00,
    0x00, 0x00, 0x00, 0x00, 0x00, 0x00, 0xA0, 0xFF, 0xFF, 0x02, 0x00, 0x00, 0x00, 0x00, 0x00, 0x00,
    0x00, 0x00, 0x80, 0xFF, 0xEF, 0x01, 0x00, 0x00, 0x00, 0x00, 0x00, 0x00, 0x00, 0x00, 0xF3, 0xFF,
    0xFF, 0x0A, 0x00, 0x00, 0x00, 0x00, 0x00, 0x00, 0x00, 0x00, 0xFD, 0xFF, 0xFF, 0x5F, 0x00, 0x00,
    0x00, 0x00, 0x00, 0x00, 0x00, 0x70, 0xFF, 0x4F, 0xFC, 0xEF, 0x01, 0x00, 0x00, 0x00, 0x00, 0x00,
    0x00, 0xF2, 0xFF, 0x09, 0xF2, 0xFF, 0x0B, 0x00, 0x00, 0x00, 0x00, 0x00, 0x00, 0xFC, 0xEF, 0x01,
    0x70, 0xFF, 0x5F, 0x00, 0x00, 0x00, 0x00, 0x00, 0x70, 0xFF, 0x4F, 0x00, 0x00, 0xFC, 0xEF, 0x01,
    0x00, 0x00, 0x00, 0x00, 0xF2, 0xFF, 0x0A, 0x00, 0x00, 0xF2, 0xFF, 0x0B, 0x00, 0x00, 0x00, 0x00,
    0xFC, 0xEF, 0x01, 0x00, 0x00, 0x70, 0xFF, 0x5F, 0x00, 0x00, 0x00, 0x70, 0xFF, 0x5F, 0x00, 0x00,
    0x00, 0x00, 0xFC, 0xEF, 0x01, 0x00, 0x00, 0xF2, 0xFF, 0x0A, 0x00, 0x00, 0x00, 0x00, 0xF2, 0xFF,
    0x0B, 0x00, 0x00, 0xFC, 0xEF, 0x01, 0x00, 0x00, 0x00, 0x00, 0x70, 0xFF, 0x6F, 0x00, 0x70, 0xFF,
    0x5F, 0x00, 0x00, 0x00, 0x00, 0x00, 0x00, 0xFC, 0xFF, 0x01, 0xF2, 0xFF, 0x0A, 0x00, 0x00, 0x00,
    0x00, 0x00, 0x00, 0xF2, 0xFF, 0x0B, 0xD3, 0xDD, 0x06, 0x00, 0x00, 0x00, 0x00, 0x00, 0x20, 0xDD,
    0x6D, 0xA0, 0xFF, 0x1F, 0x00, 0x00, 0x00, 0x00, 0x00, 0xB0, 0xFF, 0x0E, 0x10, 0xFE, 0xAF, 0x00,
    0x00, 0x00, 0x00, 0x00, 0xF5, 0xFF, 0x05, 0x00, 0xF6, 0xFF, 0x04, 0x00, 0x00, 0x00, 0x00, 0xFE,
    0xBF, 0x00, 0x00, 0xB0, 0xFF, 0x0D, 0x00, 0x00, 0x00, 0x80, 0xFF, 0x1F, 0x00, 0x00, 0x20, 0xFF,
    0x8F, 0x00, 0x00, 0x00, 0xF2, 0xFF, 0x07, 0x00, 0x00, 0x00, 0xF7, 0xFF, 0x02, 0x00, 0x00, 0xFC,
    0xDF, 0x00, 0x00, 0x00, 0x00, 0xD0, 0xFF, 0x0B, 0x00, 0x50, 0xFF, 0x3F, 0x00, 0x00, 0x00, 0x00,
    0x30, 0xFF, 0x5F, 0x00, 0xE1, 0xFF, 0x09, 0x00, 0x00, 0x00, 0x00, 0x00, 0xF9, 0xEF, 0x00, 0xF9,
    0xEF, 0x01, 0x00, 0x00, 0x00, 0x00, 0x00, 0xE0, 0xFF, 0x39, 0xFF, 0x5F, 0x00, 0x00, 0x00, 0x00,
    0x00, 0x00, 0x50, 0xFF, 0xDF, 0xFF, 0x0B, 0x00, 0x00, 0x00, 0x00, 0x00, 0x00, 0x00, 0xFA, 0xFF,
    0xFF, 0x02, 0x00, 0x00, 0x00, 0x00, 0x00, 0x00, 0x00, 0xF1, 0xFF, 0x7F, 0x00, 0x00, 0x00, 0x00,
    0x00, 0x00, 0x00, 0x00, 0x70, 0xFF, 0x0E, 0x00, 0x00, 0x00, 0x00, 0x00, 0x00, 0x00, 0x00, 0x50,
    0xFF, 0x0D, 0x00, 0x00, 0x00, 0x00, 0x00, 0x00, 0x00, 0x00, 0x50, 0xFF, 0x0D, 0x00, 0x00, 0x00,
    0x00, 0x00, 0x00, 0x00, 0x00, 0x50, 0xFF, 0x0D, 0x00, 0x00, 0x00, 0x00, 0x00, 0x00, 0x00, 0x00,
    0x50, 0xFF, 0x0D, 0x00, 0x00, 0x00, 0x00, 0x00, 0x00, 0x00, 0x00, 0x50, 0xFF, 0x0D, 0x00, 0x00,
    0x00, 0x00, 0x00, 0x00, 0x00, 0x00, 0x50, 0xFF, 0x0D, 0x00, 0x00, 0x00, 0x00, 0x00, 0x00, 0x00,
    0x00, 0x50, 0xFF, 0x0D, 0x00, 0x00, 0x00, 0x00, 0x00, 0x00, 0x00, 0x00, 0x50, 0xFF, 0x0D, 0x00,
    0x00, 0x00, 0x00, 0x00, 0x00, 0x00, 0x00, 0x50, 0xFF, 0x0D, 0x00, 0x00, 0x00, 0x00, 0x00, 0x00,
    0x00, 0x00, 0x50, 0xFF, 0x0D, 0x00, 0x00, 0x00, 0x00, 0x00, 0x00, 0x00, 0x00, 0x50, 0xFF, 0x0D,
    0x00, 0x00, 0x00, 0x00, 0x00, 0x00, 0x00, 0x00, 0x50, 0xFF, 0x0D, 0x00, 0x00, 0x00, 0x00, 0xD0,
    0xDD, 0xDD, 0xDD, 0xDD, 0xDD, 0xDD, 0xDD, 0xDD, 0x07, 0xF0, 0xFF, 0xFF, 0xFF, 0xFF, 0xFF, 0xFF,
    0xFF, 0xFF, 0x08, 0xF0, 0xFF, 0xFF, 0xFF, 0xFF, 0xFF, 0xFF, 0xFF, 0xFF, 0x08, 0x20, 0x22, 0x22,
    0x22, 0x22, 0x22, 0x22, 0xF8, 0xFF, 0x06, 0x00, 0x00, 0x00, 0x00, 0x00, 0x00, 0x20, 0xFF, 0xCF,
    0x00, 0x00, 0x00, 0x00, 0x00, 0x00, 0x00, 0xC0, 0xFF, 0x2F, 0x00, 0x00, 0x00, 0x00, 0x00, 0x00,
    0x00, 0xF7, 0xFF, 0x05, 0x00, 0x00, 0x00, 0x00, 0x00, 0x00, 0x30, 0xFF, 0xAF, 0x00, 0x00, 0x00,
    0x00, 0x00, 0x00, 0x00, 0xD0, 0xFF, 0x1E, 0x00, 0x00, 0x00, 0x00, 0x00, 0x00, 0x00, 0xF9, 0xFF,
    0x04, 0x00, 0x00, 0x00, 0x00, 0x00, 0x00, 0x40, 0xFF, 0x8F, 0x00, 0x00, 0x00, 0x00, 0x00, 0x00,
    0x00, 0xE1, 0xFF, 0x0D, 0x00, 0x00, 0x00, 0x00, 0x00, 0x00, 0x00, 0xFB, 0xFF, 0x02, 0x00, 0x00,
    0x00, 0x00, 0x00, 0x00, 0x60, 0xFF, 0x6F, 0x00, 0x00, 0x00, 0x00, 0x00, 0x00, 0x00, 0xF2, 0xFF,
    0x0B, 0x00, 0x00, 0x00, 0x00, 0x00, 0x00, 0x00, 0xFC, 0xEF, 0x01, 0x00, 0x00, 0x00, 0x00, 0x00,
    0x00, 0x80, 0xFF, 0x5F, 0x00, 0x00, 0x00, 0x00, 0x00, 0x00, 0x00, 0xF3, 0xFF, 0x09, 0x00, 0x00,
    0x00, 0x00, 0x00, 0x00, 0x00, 0xFE, 0xDF, 0x00, 0x00, 0x00, 0x00, 0x00, 0x00, 0x00, 0xA0, 0xFF,
    0x3F, 0x00, 0x00, 0x00, 0x00, 0x00, 0x00, 0x00, 0xF5, 0xFF, 0x08, 0x00, 0x00, 0x00, 0x00, 0x00,
    0x00, 0x10, 0xFE, 0xCF, 0x00, 0x00, 0x00, 0x00, 0x00, 0x00, 0x00, 0xB0, 0xFF, 0x2F, 0x00, 0x00,
    0x00, 0x00, 0x00, 0x00, 0x00, 0xF6, 0xFF, 0x06, 0x00, 0x00, 0x00, 0x00, 0x00, 0x00, 0x00, 0xF9,
    0xFF, 0xFF, 0xFF, 0xFF, 0xFF, 0xFF, 0xFF, 0xFF, 0x0B, 0xF9, 0xFF, 0xFF, 0xFF, 0xFF, 0xFF, 0xFF,
    0xFF, 0xFF, 0x0B, 0xF9, 0xFF, 0xFF, 0xFF, 0xFF, 0xFF, 0xFF, 0xFF, 0xFF, 0x0B, 0x00, 0x00, 0x50,
    0xB9, 0xBB, 0x59, 0x00, 0x00, 0x00, 0x00, 0x60, 0xFF, 0xFF, 0xFF, 0xFF, 0x8F, 0x00, 0x00, 0x00,
    0xFA, 0xFF, 0xFF, 0xFF, 0xFF, 0xFF, 0x0B, 0x00, 0xA0, 0xFF, 0xDF, 0x26, 0x21, 0xD6, 0xFF, 0x9F,
    0x00, 0x50, 0xFE, 0x08, 0x00, 0x00, 0x00, 0xF9, 0xFF, 0x02, 0x00, 0x62, 0x00, 0x00, 0x00, 0x00,
    0xC0, 0xFF, 0x08, 0x00, 0x00, 0x00, 0x00, 0x00, 0x00, 0x60, 0xFF, 0x0B, 0x00, 0x00, 0x00, 0x31,
    0x23, 0x00, 0x30, 0xFF, 0x0C, 0x00, 0x20, 0xE9, 0xFF, 0xFF, 0xDF, 0x58, 0xFF, 0x0D, 0x00, 0xF7,
    0xFF, 0xFF, 0xFF, 0xFF, 0xFF, 0xFF, 0x0D, 0x70, 0xFF, 0xFF, 0x7A, 0x65, 0xB8, 0xFF, 0xFF, 0x0D,
    0xF2, 0xFF, 0x0A, 0x00, 0x00, 0x00, 0x91, 0xFF, 0x0D, 0xF8, 0xDF, 0x00, 0x00, 0x00, 0x00, 0x40,
    0xFF, 0x0D, 0xFB, 0x9F, 0x00, 0x00, 0x00, 0x00, 0x70, 0xFF, 0x0D, 0xFB, 0x8F, 0x00, 0x00, 0x00,
    0x00, 0xD0, 0xFF, 0x0D, 0xF9, 0xCF, 0x00, 0x00, 0x00, 0x00, 0xF8, 0xFF, 0x0D, 0xF5, 0xFF, 0x07,
    0x00, 0x00, 0x80, 0xFF, 0xFF, 0x0D, 0xC0, 0xFF, 0xBF, 0x46, 0x74, 0xFD, 0xBF, 0xFF, 0x0D, 0x20,
    0xFE, 0xFF, 0xFF, 0xFF, 0xFF, 0x3A, 0xFF, 0x0D, 0x00, 0xA1, 0xFF, 0xFF, 0xFF, 0x6E, 0x30, 0xFF,
    0x0D, 0x00, 0x00, 0x61, 0x98, 0x47, 0x00, 0x00, 0x00, 0x00, 0xD8, 0x6D, 0x00, 0x00, 0x00, 0x00,
    0x00, 0x00, 0x00, 0x00, 0xFA, 0x8F, 0x00, 0x00, 0x00, 0x00, 0x00, 0x00, 0x00, 0x00, 0xFA, 0x8F,
    0x00, 0x00, 0x00, 0x00, 0x00, 0x00, 0x00, 0x00, 0xFA, 0x8F, 0x00, 0x00, 0x00, 0x00, 0x00, 0x00,
    0x00, 0x00, 0xFA, 0x8F, 0x00, 0x00, 0x00, 0x00, 0x00, 0x00, 0x00, 0x00, 0xFA, 0x8F, 0x00, 0x00,
    0x00, 0x00, 0x00, 0x00, 0x00, 0x00, 0xFA, 0x8F, 0x00, 0x00, 0x00, 0x00, 0x00, 0x00, 0x00, 0x00,
    0xFA, 0x8F, 0x00, 0x50, 0xB9, 0xAB, 0x16, 0x00, 0x00, 0x00, 0xFA, 0x8F, 0x50, 0xFE, 0xFF, 0xFF,
    0xFF, 0x09, 0x00, 0x00, 0xFA, 0x8F, 0xF7, 0xFF, 0xFF, 0xFF, 0xFF, 0xDF, 0x01, 0x00, 0xFA, 0xCF,
    0xFF, 0x8F, 0x24, 0x63, 0xFD, 0xFF, 0x0D, 0x00, 0xFA, 0xFF, 0xCF, 0x01, 0x00, 0x00, 0x80, 0xFF,
    0x9F, 0x00, 0xFA, 0xFF, 0x1D, 0x00, 0x00, 0x00, 0x00, 0xF8, 0xFF, 0x02, 0xFA, 0xFF, 0x03, 0x00,
    0x00, 0x00, 0x00, 0xD0, 0xFF, 0x09, 0xFA, 0xCF, 0x00, 0x00, 0x00, 0x00, 0x00, 0x70, 0xFF, 0x0D,
    0xFA, 0x8F, 0x00, 0x00, 0x00, 0x00, 0x00, 0x20, 0xFF, 0x0F, 0xFA, 0x6F, 0x00, 0x00, 0x00, 0x00,
    0x00, 0x00, 0xFF, 0x2F, 0xFA, 0x5F, 0x00, 0x00, 0x00, 0x00, 0x00, 0x00, 0xFF, 0x2F, 0xFA, 0x6F,
    0x00, 0x00, 0x00, 0x00, 0x00, 0x10, 0xFF, 0x1F, 0xFA, 0x9F, 0x00, 0x00, 0x00, 0x00, 0x00, 0x30,
    0xFF, 0x0F, 0xFA, 0xEF, 0x00, 0x00, 0x00, 0x00, 0x00, 0x80, 0xFF, 0x0C, 0xFA, 0xFF, 0x06, 0x00,
    0x00, 0x00, 0x00, 0xE1, 0xFF, 0x07, 0xFA, 0xFF, 0x2E, 0x00, 0x00, 0x00, 0x00, 0xFB, 0xFF, 0x01,
    0xFA, 0xFF, 0xEF, 0x03, 0x00, 0x00, 0xA1, 0xFF, 0x7F, 0x00, 0xFA, 0xAF, 0xFF, 0xBF, 0x46, 0x95,
    0xFE, 0xFF, 0x0B, 0x00, 0xFA, 0x5F, 0xF6, 0xFF, 0xFF, 0xFF, 0xFF, 0xBF, 0x00, 0x00, 0xFA, 0x5F,
    0x30, 0xFC, 0xFF, 0xFF, 0xEF, 0x06, 0x00, 0x00, 0x00, 0x00, 0x00, 0x20, 0x86, 0x78, 0x03, 0x00,
    0x00, 0x00, 0x00, 0x00, 0x00, 0x72, 0xBA, 0xAB, 0x27, 0x00, 0x00, 0x00, 0x00, 0x00, 0xB2, 0xFF,
    0xFF, 0xFF, 0xFF, 0x1A, 0x00, 0x00, 0x00, 0x50, 0xFF, 0xFF, 0xFF, 0xFF, 0xFF, 0xEF, 0x02, 0x00,
    0x00, 0xF5, 0xFF, 0x9F, 0x24, 0x52, 0xFA, 0xFF, 0x1E, 0x00, 0x10, 0xFF, 0xDF, 0x02, 0x00, 0x00,
    0x40, 0xFF, 0x9F, 0x00, 0xA0, 0xFF, 0x1E, 0x00, 0x00, 0x00, 0x00, 0xF5, 0xDF, 0x00, 0xF1, 0xFF,
    0x05, 0x00, 0x00, 0x00, 0x00, 0x80, 0x04, 0x00, 0xF5, 0xEF, 0x00, 0x00, 0x00, 0x00, 0x00, 0x00,
    0x00, 0x00, 0xF8, 0xAF, 0x00, 0x00, 0x00, 0x00, 0x00, 0x00, 0x00, 0x00, 0xFA, 0x8F, 0x00, 0x00,
    0x00, 0x00, 0x00, 0x00, 0x00, 0x00, 0xFA, 0x7F, 0x00, 0x00, 0x00, 0x00, 0x00, 0x00, 0x00, 0x00,
    0xF9, 0x8F, 0x00, 0x00, 0x00, 0x00, 0x00, 0x00, 0x00, 0x00, 0xF7, 0xBF, 0x00, 0x00, 0x00, 0x00,
    0x00, 0x00, 0x00, 0x00, 0xF4, 0xFF, 0x00, 0x00, 0x00, 0x00, 0x00, 0x00, 0x00, 0x00, 0xE0, 0xFF,
    0x08, 0x00, 0x00, 0x00, 0x00, 0xA0, 0x18, 0x00, 0x80, 0xFF, 0x3F, 0x00, 0x00, 0x00, 0x00, 0xF5,
    0xFF, 0x01, 0x00, 0xFD, 0xFF, 0x05, 0x00, 0x00, 0x60, 0xFF, 0xAF, 0x00, 0x00, 0xF2, 0xFF, 0xCF,
    0x47, 0x75, 0xFC, 0xFF, 0x1D, 0x00, 0x00, 0x30, 0xFE, 0xFF, 0xFF, 0xFF, 0xFF, 0xDF, 0x02, 0x00,
    0x00, 0x00, 0x80, 0xFF, 0xFF, 0xFF, 0xFF, 0x08, 0x00, 0x00, 0x00, 0x00, 0x00, 0x40, 0x87, 0x79,
    0x04, 0x00, 0x00, 0x00, 0x00, 0x00, 0x00, 0x00, 0x00, 0x00, 0x00, 0x00, 0xDD, 0x2D, 0x00, 0x00,
    0x00, 0x00, 0x00, 0x00, 0x00, 0x00, 0xFF, 0x2F, 0x00, 0x00, 0x00, 0x00, 0x00, 0x00, 0x00, 0x00,
    0xFF, 0x2F, 0x00, 0x00, 0x00, 0x00, 0x00, 0x00, 0x00, 0x00, 0xFF, 0x2F, 0x00, 0x00, 0x00, 0x00,
    0x00, 0x00, 0x00, 0x00, 0xFF, 0x2F, 0x00, 0x00, 0x00, 0x00, 0x00, 0x00, 0x00, 0x00, 0xFF, 0x2F,
    0x00, 0x00, 0x00, 0x00, 0x00, 0x00, 0x00, 0x00, 0xFF, 0x2F, 0x00, 0x00, 0x00, 0x73, 0xBA, 0x69,
    0x01, 0x00, 0xFF, 0x2F, 0x00, 0x00, 0xC3, 0xFF, 0xFF, 0xFF, 0x9F, 0x00, 0xFF, 0x2F, 0x00, 0x60,
    0xFF, 0xFF, 0xFF, 0xFF, 0xFF, 0x1D, 0xFF, 0x2F, 0x00, 0xF5, 0xFF, 0x9F, 0x24, 0x63, 0xFC, 0xBF,
    0xFF, 0x2F, 0x20, 0xFF, 0xDF, 0x02, 0x00, 0x00, 0x70, 0xFF, 0xFF, 0x2F, 0xA0, 0xFF, 0x2E, 0x00,
    0x00, 0x00, 0x00, 0xF7, 0xFF, 0x2F, 0xF1, 0xFF, 0x06, 0x00, 0x00, 0x00, 0x00, 0xC0, 0xFF, 0x2F,
    0xF5, 0xEF, 0x00, 0x00, 0x00, 0x00, 0x00, 0x50, 0xFF, 0x2F, 0xF8, 0xAF, 0x00, 0x00, 0x00, 0x00,
    0x00, 0x10, 0xFF, 0x2F, 0xFA, 0x8F, 0x00, 0x00, 0x00, 0x00, 0x00, 0x00, 0xFE, 0x2F, 0xFA, 0x7F,
    0x00, 0x00, 0x00, 0x00, 0x00, 0x00, 0xFD, 0x2F, 0xFA, 0x8F, 0x00, 0x00, 0x00, 0x00, 0x00, 0x00,
    0xFE, 0x2F, 0xF8, 0xBF, 0x00, 0x00, 0x00, 0x00, 0x00, 0x10, 0xFF, 0x2F, 0xF4, 0xFF, 0x00, 0x00,
    0x00, 0x00, 0x00, 0x60, 0xFF, 0x2F, 0xF0, 0xFF, 0x07, 0x00, 0x00, 0x00, 0x00, 0xD0, 0xFF, 0x2F,
    0x90, 0xFF, 0x3F, 0x00, 0x00, 0x00, 0x00, 0xF9, 0xFF, 0x2F, 0x10, 0xFE, 0xEF, 0x04, 0x00, 0x00,
    0x80, 0xFF, 0xFF, 0x2F, 0x00, 0xF4, 0xFF, 0xBF, 0x46, 0x74, 0xFE, 0xCF, 0xFE, 0x2F, 0x00, 0x40,
    0xFF, 0xFF, 0xFF, 0xFF, 0xFF, 0x1D, 0xFD, 0x2F, 0x00, 0x00, 0xA2, 0xFF, 0xFF, 0xFF, 0x8F, 0x00,
    0xFD, 0x2F, 0x00, 0x00, 0x00, 0x51, 0x98, 0x58, 0x00, 0x00, 0x00, 0x00, 0x00, 0x00, 0x00, 0x83,
    0xBA, 0x9B, 0x05, 0x00, 0x00, 0x00, 0x00, 0x00, 0xC3, 0xFF, 0xFF, 0xFF, 0xEF, 0x06, 0x00, 0x00,
    0x00, 0x60, 0xFF, 0xFF, 0xFF, 0xFF, 0xFF, 0xAF, 0x00, 0x00, 0x00, 0xF5, 0xFF, 0x7E, 0x23, 0x63,
    0xFC, 0xFF, 0x0A, 0x00, 0x20, 0xFF, 0xBF, 0x01, 0x00, 0x00, 0x80, 0xFF, 0x5F, 0x00, 0xA0, 0xFF,
    0x0D, 0x00, 0x00, 0x00, 0x00, 0xFA, 0xDF, 0x00, 0xF1, 0xFF, 0x04, 0x00, 0x00, 0x00, 0x00, 0xF1,
    0xFF, 0x03, 0xF5, 0xEF, 0x00, 0x00, 0x00, 0x00, 0x00, 0xC0, 0xFF, 0x07, 0xF8, 0xEF, 0x99, 0x99,
    0x99, 0x99, 0x99, 0xD9, 0xFF, 0x09, 0xFA, 0xFF, 0xFF, 0xFF, 0xFF, 0xFF, 0xFF, 0xFF, 0xFF, 0x0A,
    0xFA, 0xFF, 0xFF, 0xFF, 0xFF, 0xFF, 0xFF, 0xFF, 0xFF, 0x0A, 0xF9, 0x9F, 0x00, 0x00, 0x00, 0x00,
    0x00, 0x00, 0x00, 0x00, 0xF7, 0xBF, 0x00, 0x00, 0x00, 0x00, 0x00, 0x00, 0x00, 0x00, 0xF4, 0xFF,
    0x00, 0x00, 0x00, 0x00, 0x00, 0x00, 0x00, 0x00, 0xF0, 0xFF, 0x07, 0x00, 0x00, 0x00, 0x00, 0x60,
    0x05, 0x00, 0x80, 0xFF, 0x3F, 0x00, 0x00, 0x00, 0x00, 0xF4, 0xDF, 0x01, 0x10, 0xFE, 0xFF, 0x05,
    0x00, 0x00, 0x40, 0xFF, 0xCF, 0x00, 0x00, 0xF3, 0xFF, 0xCF, 0x47, 0x74, 0xFC, 0xFF, 0x2F, 0x00,
    0x00, 0x30, 0xFE, 0xFF, 0xFF, 0xFF, 0xFF, 0xEF, 0x03, 0x00, 0x00, 0x00, 0x91, 0xFF, 0xFF, 0xFF,
    0xFF, 0x19, 0x00, 0x00, 0x00, 0x00, 0x00, 0x50, 0x97, 0x78, 0x04, 0x00, 0x00, 0x00, 0x00, 0x00,
    0x00, 0x10, 0x65, 0x35, 0x00, 0x00, 0x00, 0x10, 0xFA, 0xFF, 0xFF, 0x06, 0x00, 0x00, 0xE1, 0xFF,
    0xFF, 0xFF, 0x06, 0x00, 0x00, 0xFB, 0xFF, 0x8C, 0xB9, 0x05, 0x00, 0x20, 0xFF, 0x7F, 0x00, 0x00,
    0x00, 0x00, 0x60, 0xFF, 0x0D, 0x00, 0x00, 0x00, 0x00, 0x70, 0xFF, 0x0B, 0x00, 0x00, 0x00, 0x00,
    0x70, 0xFF, 0x0B, 0x00, 0x00, 0x00, 0x22, 0x82, 0xFF, 0x2B, 0x22, 0x12, 0x00, 0xFF, 0xFF, 0xFF,
    0xFF, 0xFF, 0x9F, 0x00, 0xFF, 0xFF, 0xFF, 0xFF, 0xFF, 0x9F, 0x00, 0xBB, 0xDB, 0xFF, 0xBE, 0xBB,
    0x6B, 0x00, 0x00, 0x70, 0xFF, 0x0B, 0x00, 0x00, 0x00, 0x00, 0x70, 0xFF, 0x0B, 0x00, 0x00, 0x00,
    0x00, 0x70, 0xFF, 0x0B, 0x00, 0x00, 0x00, 0x00, 0x70, 0xFF, 0x0B, 0x00, 0x00, 0x00, 0x00, 0x70,
    0xFF, 0x0B, 0x00, 0x00, 0x00, 0x00, 0x70, 0xFF, 0x0B, 0x00, 0x00, 0x00, 0x00, 0x70, 0xFF, 0x0B,
    0x00, 0x00, 0x00, 0x00, 0x70, 0xFF, 0x0B, 0x00, 0x00, 0x00, 0x00, 0x70, 0xFF, 0x0B, 0x00, 0x00,
    0x00, 0x00, 0x70, 0xFF, 0x0B, 0x00, 0x00, 0x00, 0x00, 0x70, 0xFF, 0x0B, 0x00, 0x00, 0x00, 0x00,
    0x70, 0xFF, 0x0B, 0x00, 0x00, 0x00, 0x00, 0x70, 0xFF, 0x0B, 0x00, 0x00, 0x00, 0x00, 0x70, 0xFF,
    0x0B, 0x00, 0x00, 0x00, 0x00, 0x70, 0xFF, 0x0B, 0x00, 0x00, 0x00, 0x00, 0x70, 0xFF, 0x0B, 0x00,
    0x00, 0x00, 0x00, 0x00, 0x00, 0x94, 0xBB, 0x7A, 0x01, 0x00, 0x22, 0x02, 0x00, 0x00, 0xD4, 0xFF,
    0xFF, 0xFF, 0x9F, 0x00, 0xFF, 0x0F, 0x00, 0x70, 0xFF, 0xFF, 0xFF, 0xFF, 0xFF, 0x2D, 0xFF, 0x0F,
    0x00, 0xF6, 0xFF, 0x8F, 0x24, 0x62, 0xFC, 0xCF, 0xFF, 0x0F, 0x20, 0xFF, 0xCF, 0x01, 0x00, 0x00,
    0x60, 0xFF, 0xFF, 0x0F, 0xA0, 0xFF, 0x1D, 0x00, 0x00, 0x00, 0x00, 0xF7, 0xFF, 0x0F, 0xF1, 0xFF,
    0x04, 0x00, 0x00, 0x00, 0x00, 0xD0, 0xFF, 0x0F, 0xF5, 0xEF, 0x00, 0x00, 0x00, 0x00, 0x00, 0x60,
    0xFF, 0x0F, 0xF8, 0xAF, 0x00, 0x00, 0x00, 0x00, 0x00, 0x30, 0xFF, 0x0F, 0xFA, 0x8F, 0x00, 0x00,
    0x00, 0x00, 0x00, 0x10, 0xFF, 0x0F, 0xFA, 0x7F, 0x00, 0x00, 0x00, 0x00, 0x00, 0x00, 0xFF, 0x0F,
    0xF9, 0x8F, 0x00, 0x00, 0x00, 0x00, 0x00, 0x20, 0xFF, 0x0F, 0xF7, 0xBF, 0x00, 0x00, 0x00, 0x00,
    0x00, 0x40, 0xFF, 0x0F, 0xF4, 0xFF, 0x00, 0x00, 0x00, 0x00, 0x00, 0x90, 0xFF, 0x0F, 0xE0, 0xFF,
    0x08, 0x00, 0x00, 0x00, 0x00, 0xF2, 0xFF, 0x0F, 0x70, 0xFF, 0x4F, 0x00, 0x00, 0x00, 0x00, 0xFC,
    0xFF, 0x0F, 0x00, 0xFD, 0xFF, 0x06, 0x00, 0x00, 0xD3, 0xFF, 0xFF, 0x0F, 0x00, 0xE2, 0xFF, 0xEF,
    0x8A, 0xC9, 0xFF, 0x8F, 0xFF, 0x0F, 0x00, 0x20, 0xFD, 0xFF, 0xFF, 0xFF, 0xFF, 0x18, 0xFF, 0x0F,
    0x00, 0x00, 0x80, 0xFE, 0xFF, 0xFF, 0x3B, 0x10, 0xFF, 0x0F, 0x00, 0x00, 0x00, 0x20, 0x55, 0x14,
    0x00, 0x20, 0xFF, 0x0D, 0x00, 0x00, 0x00, 0x00, 0x00, 0x00, 0x00, 0x50, 0xFF, 0x0B, 0x00, 0xB3,
    0x02, 0x00, 0x00, 0x00, 0x00, 0xB0, 0xFF, 0x08, 0x70, 0xFF, 0x0C, 0x00, 0x00, 0x00, 0x00, 0xF4,
    0xFF, 0x02, 0x30, 0xFF, 0xBF, 0x01, 0x00, 0x00, 0x40, 0xFE, 0xBF, 0x00, 0x00, 0xF7, 0xFF, 0x9E,
    0x35, 0x64, 0xFB, 0xFF, 0x2F, 0x00, 0x00, 0x80, 0xFF, 0xFF, 0xFF, 0xFF, 0xFF, 0xEF, 0x03, 0x00,
    0x00, 0x00, 0xC3, 0xFF, 0xFF, 0xFF, 0xFF, 0x1A, 0x00, 0x00, 0x00, 0x00, 0x00, 0x62, 0xA9, 0x89,
    0x15, 0x00, 0x00, 0x00, 0xD8, 0x6D, 0x00, 0x00, 0x00, 0x00, 0x00, 0x00, 0x00, 0xFA, 0x8F, 0x00,
    0x00, 0x00, 0x00, 0x00, 0x00, 0x00, 0xFA, 0x8F, 0x00, 0x00, 0x00, 0x00, 0x00, 0x00, 0x00, 0xFA,
    0x8F, 0x00, 0x00, 0x00, 0x00, 0x00, 0x00, 0x00, 0xFA, 0x8F, 0x00, 0x00, 0x00, 0x00, 0x00, 0x00,
    0x00, 0xFA, 0x8F, 0x00, 0x00, 0x00, 0x00, 0x00, 0x00, 0x00, 0xFA, 0x8F, 0x00, 0x00, 0x00, 0x00,
    0x00, 0x00, 0x00, 0xFA, 0x8F, 0x00, 0x60, 0xBA, 0x9B, 0x05, 0x00, 0x00, 0xFA, 0x8F, 0x60, 0xFE,
    0xFF, 0xFF, 0xDF, 0x03, 0x00, 0xFA, 0x8F, 0xF8, 0xFF, 0xFF, 0xFF, 0xFF, 0x2F, 0x00, 0xFA, 0xCF,
    0xFF, 0x5D, 0x22, 0xB5, 0xFF, 0xCF, 0x00, 0xFA, 0xFF, 0x9F, 0x00, 0x00, 0x00, 0xF9, 0xFF, 0x04,
    0xFA, 0xFF, 0x0B, 0x00, 0x00, 0x00, 0xE0, 0xFF, 0x08, 0xFA, 0xFF, 0x02, 0x00, 0x00, 0x00, 0x90,
    0xFF, 0x0B, 0xFA, 0xCF, 0x00, 0x00, 0x00, 0x00, 0x60, 0xFF, 0x0C, 0xFA, 0x8F, 0x00, 0x00, 0x00,
    0x00, 0x60, 0xFF, 0x0C, 0xFA, 0x8F, 0x00, 0x00, 0x00, 0x00, 0x60, 0xFF, 0x0C, 0xFA, 0x8F, 0x00,
    0x00, 0x00, 0x00, 0x60, 0xFF, 0x0C, 0xFA, 0x8F, 0x00, 0x00, 0x00, 0x00, 0x60, 0xFF, 0x0C, 0xFA,
    0x8F, 0x00, 0x00, 0x00, 0x00, 0x60, 0xFF, 0x0C, 0xFA, 0x8F, 0x00, 0x00, 0x00, 0x00, 0x60, 0xFF,
    0x0C, 0xFA, 0x8F, 0x00, 0x00, 0x00, 0x00, 0x60, 0xFF, 0x0C, 0xFA, 0x8F, 0x00, 0x00, 0x00, 0x00,
    0x60, 0xFF, 0x0C, 0xFA, 0x8F, 0x00, 0x00, 0x00, 0x00, 0x60, 0xFF, 0x0C, 0xFA, 0x8F, 0x00, 0x00,
    0x00, 0x00, 0x60, 0xFF, 0x0C, 0xFA, 0x8F, 0x00, 0x00, 0x00, 0x00, 0x60, 0xFF, 0x0C, 0xFA, 0x8F,
    0x00, 0x00, 0x00, 0x00, 0x60, 0xFF, 0x0C, 0x20, 0x04, 0x00, 0xF7, 0xDF, 0x00, 0xFE, 0xFF, 0x04,
    0xFC, 0xFF, 0x03, 0xC2, 0x7E, 0x00, 0x00, 0x00, 0x00, 0x00, 0x00, 0x00, 0x00, 0x00, 0x00, 0x20,
    0x12, 0x00, 0xF6, 0xCF, 0x00, 0xF6, 0xCF, 0x00, 0xF6, 0xCF, 0x00, 0xF6, 0xCF, 0x00, 0xF6, 0xCF,
    0x00, 0xF6, 0xCF, 0x00, 0xF6, 0xCF, 0x00, 0xF6, 0xCF, 0x00, 0xF6, 0xCF, 0x00, 0xF6, 0xCF, 0x00,
    0xF6, 0xCF, 0x00, 0xF6, 0xCF, 0x00, 0xF6, 0xCF, 0x00, 0xF6, 0xCF, 0x00, 0xF6, 0xCF, 0x00, 0xF6,
    0xCF, 0x00, 0xF6, 0xCF, 0x00, 0xF6, 0xCF, 0x00, 0xF6, 0xCF, 0x00, 0x00, 0x00, 0x00, 0x20, 0x04,
    0x00, 0x00, 0x00, 0x00, 0xF6, 0xDF, 0x00, 0x00, 0x00, 0x00, 0xFD, 0xFF, 0x05, 0x00, 0x00, 0x00,
    0xFC, 0xFF, 0x03, 0x00, 0x00, 0x00, 0xC2, 0x8E, 0x00, 0x00, 0x00, 0x00, 0x00, 0x00, 0x00, 0x00,
    0x00, 0x00, 0x00, 0x00, 0x00, 0x00, 0x00, 0x00, 0x00, 0x00, 0x00, 0x00, 0x00, 0x00, 0x20, 0x12,
    0x00, 0x00, 0x00, 0x00, 0xF5, 0xCF, 0x00, 0x00, 0x00, 0x00, 0xF5, 0xCF, 0x00, 0x00, 0x00, 0x00,
    0xF5, 0xCF, 0x00, 0x00, 0x00, 0x00, 0xF5, 0xCF, 0x00, 0x00, 0x00, 0x00, 0xF5, 0xCF, 0x00, 0x00,
    0x00, 0x00, 0xF5, 0xCF, 0x00, 0x00, 0x00, 0x00, 0xF5, 0xCF, 0x00, 0x00, 0x00, 0x00, 0xF5, 0xCF,
    0x00, 0x00, 0x00, 0x00, 0xF5, 0xCF, 0x00, 0x00, 0x00, 0x00, 0xF5, 0xCF, 0x00, 0x00, 0x00, 0x00,
    0xF5, 0xCF, 0x00, 0x00, 0x00, 0x00, 0xF5, 0xCF, 0x00, 0x00, 0x00, 0x00, 0xF5, 0xCF, 0x00, 0x00,
    0x00, 0x00, 0xF5, 0xCF, 0x00, 0x00, 0x00, 0x00, 0xF5, 0xCF, 0x00, 0x00, 0x00, 0x00, 0xF5, 0xCF,
    0x00, 0x00, 0x00, 0x00, 0xF5, 0xCF, 0x00, 0x00, 0x00, 0x00, 0xF5, 0xCF, 0x00, 0x00, 0x00, 0x00,
    0xF5, 0xCF, 0x00, 0x00, 0x00, 0x00, 0xF5, 0xCF, 0x00, 0x00, 0x00, 0x00, 0xF5, 0xCF, 0x00, 0x00,
    0x00, 0x00, 0xF5, 0xCF, 0x00, 0x00, 0x00, 0x00, 0xF7, 0xBF, 0x00, 0x00, 0x00, 0x00, 0xFD, 0x8F,
    0x00, 0x80, 0x34, 0xD5, 0xFF, 0x3F, 0x00, 0xF1, 0xFF, 0xFF, 0xFF, 0x08, 0x00, 0xF1, 0xFF, 0xFF,
    0x8F, 0x00, 0x00, 0x60, 0xA9, 0x69, 0x01, 0x00, 0x00, 0xD8, 0x6D, 0x00, 0x00, 0x00, 0x00, 0x00,
    0x00, 0x00, 0xFA, 0x8F, 0x00, 0x00, 0x00, 0x00, 0x00, 0x00, 0x00, 0xFA, 0x8F, 0x00, 0x00, 0x00,
    0x00, 0x00, 0x00, 0x00, 0xFA, 0x8F, 0x00, 0x00, 0x00, 0x00, 0x00, 0x00, 0x00, 0xFA, 0x8F, 0x00,
    0x00, 0x00, 0x00, 0x00, 0x00, 0x00, 0xFA, 0x8F, 0x00, 0x00, 0x00, 0x00, 0x00, 0x00, 0x00, 0xFA,
    0x8F, 0x00, 0x00, 0x00, 0x00, 0x00, 0x00, 0x00, 0xFA, 0x8F, 0x00, 0x00, 0x00, 0x00, 0x21, 0x22,
    0x01, 0xFA, 0x8F, 0x00, 0x00, 0x00, 0x30, 0xFF, 0xDF, 0x01, 0xFA, 0x8F, 0x00, 0x00, 0x00, 0xF3,
    0xFF, 0x2E, 0x00, 0xFA, 0x8F, 0x00, 0x00, 0x30, 0xFE, 0xEF, 0x02, 0x00, 0xFA, 0x8F, 0x00, 0x00,
    0xE2, 0xFF, 0x2E, 0x00, 0x00, 0xFA, 0x8F, 0x00, 0x20, 0xFE, 0xEF, 0x02, 0x00, 0x00, 0xFA, 0x8F,
    0x00, 0xE2, 0xFF, 0x2E, 0x00, 0x00, 0x00, 0xFA, 0x8F, 0x20, 0xFE, 0xEF, 0x02, 0x00, 0x00, 0x00,
    0xFA, 0x8F, 0xE2, 0xFF, 0x3F, 0x00, 0x00, 0x00, 0x00, 0xFA, 0xAF, 0xFE, 0xFF, 0xBF, 0x00, 0x00,
    0x00, 0x00, 0xFA, 0xFF, 0xFF, 0xFF, 0xFF, 0x06, 0x00, 0x00, 0x00, 0xFA, 0xFF, 0xEF, 0xB2, 0xFF,
    0x2F, 0x00, 0x00, 0x00, 0xFA, 0xFF, 0x2E, 0x10, 0xFF, 0xCF, 0x00, 0x00, 0x00, 0xFA, 0xEF, 0x02,
    0x00, 0xF6, 0xFF, 0x07, 0x00, 0x00, 0xFA, 0x8F, 0x00, 0x00, 0xB0, 0xFF, 0x3F, 0x00, 0x00, 0xFA,
    0x8F, 0x00, 0x00, 0x10, 0xFF, 0xDF, 0x00, 0x00, 0xFA, 0x8F, 0x00, 0x00, 0x00, 0xF6, 0xFF, 0x09,
    0x00, 0xFA, 0x8F, 0x00, 0x00, 0x00, 0xB0, 0xFF, 0x4F, 0x00, 0xFA, 0x8F, 0x00, 0x00, 0x00, 0x10,
    0xFE, 0xEF, 0x01, 0xFA, 0x8F, 0x00, 0x00, 0x00, 0x00, 0xF5, 0xFF, 0x0A, 0xD8, 0x6D, 0xFA, 0x8F,
    0xFA, 0x8F, 0xFA, 0x8F, 0xFA, 0x8F, 0xFA, 0x8F, 0xFA, 0x8F, 0xFA, 0x8F, 0xFA, 0x8F, 0xFA, 0x8F,
    0xFA, 0x8F, 0xFA, 0x8F, 0xFA, 0x8F, 0xFA, 0x8F, 0xFA, 0x8F, 0xFA, 0x8F, 0xFA, 0x8F, 0xFA, 0x8F,
    0xFA, 0x8F, 0xFA, 0x8F, 0xFA, 0x8F, 0xFA, 0x8F, 0xFA, 0x8F, 0xFA, 0x8F, 0xFA, 0x8F, 0xFA, 0x8F,
    0xFA, 0x8F, 0x21, 0x02, 0x00, 0x71, 0xBA, 0x7A, 0x01, 0x00, 0x00, 0x50, 0xB9, 0x9B, 0x05, 0x00,
    0x00, 0xFA, 0x5F, 0x70, 0xFF, 0xFF, 0xFF, 0x7F, 0x00, 0x50, 0xFE, 0xFF, 0xFF, 0xDF, 0x03, 0x00,
    0xFA, 0x5F, 0xFA, 0xFF, 0xFF, 0xFF, 0xFF, 0x07, 0xF7, 0xFF, 0xFF, 0xFF, 0xFF, 0x2F, 0x00, 0xFA,
    0xCF, 0xFF, 0x4A, 0x32, 0xE7, 0xFF, 0x7F, 0xFF, 0x7E, 0x23, 0xA4, 0xFF, 0xBF, 0x00, 0xFA, 0xFF,
    0x6F, 0x00, 0x00, 0x20, 0xFF, 0xFF, 0xDF, 0x01, 0x00, 0x00, 0xF8, 0xFF, 0x01, 0xFA, 0xFF, 0x09,
    0x00, 0x00, 0x00, 0xF8, 0xFF, 0x2F, 0x00, 0x00, 0x00, 0xE0, 0xFF, 0x05, 0xFA, 0xFF, 0x01, 0x00,
    0x00, 0x00, 0xF4, 0xFF, 0x08, 0x00, 0x00, 0x00, 0xB0, 0xFF, 0x08, 0xFA, 0xBF, 0x00, 0x00, 0x00,
    0x00, 0xF2, 0xFF, 0x03, 0x00, 0x00, 0x00, 0x90, 0xFF, 0x09, 0xFA, 0x8F, 0x00, 0x00, 0x00, 0x00,
    0xF1, 0xFF, 0x01, 0x00, 0x00, 0x00, 0x80, 0xFF, 0x09, 0xFA, 0x8F, 0x00, 0x00, 0x00, 0x00, 0xF1,
    0xFF, 0x00, 0x00, 0x00, 0x00, 0x80, 0xFF, 0x09, 0xFA, 0x8F, 0x00, 0x00, 0x00, 0x00, 0xF1, 0xFF,
    0x00, 0x00, 0x00, 0x00, 0x80, 0xFF, 0x09, 0xFA, 0x8F, 0x00, 0x00, 0x00, 0x00, 0xF1, 0xFF, 0x00,
    0x00, 0x00, 0x00, 0x80, 0xFF, 0x09, 0xFA, 0x8F, 0x00, 0x00, 0x00, 0x00, 0xF1, 0xFF, 0x00, 0x00,
    0x00, 0x00, 0x80, 0xFF, 0x09, 0xFA, 0x8F, 0x00, 0x00, 0x00, 0x00, 0xF1, 0xFF, 0x00, 0x00, 0x00,
    0x00, 0x80, 0xFF, 0x09, 0xFA, 0x8F, 0x00, 0x00, 0x00, 0x00, 0xF1, 0xFF, 0x00, 0x00, 0x00, 0x00,
    0x80, 0xFF, 0x09, 0xFA, 0x8F, 0x00, 0x00, 0x00, 0x00, 0xF1, 0xFF, 0x00, 0x00, 0x00, 0x00, 0x80,
    0xFF, 0x09, 0xFA, 0x8F, 0x00, 0x00, 0x00, 0x00, 0xF1, 0xFF, 0x00, 0x00, 0x00, 0x00, 0x80, 0xFF,
    0x09, 0xFA, 0x8F, 0x00, 0x00, 0x00, 0x00, 0xF1, 0xFF, 0x00, 0x00, 0x00, 0x00, 0x80, 0xFF, 0x09,
    0xFA, 0x8F, 0x00, 0x00, 0x00, 0x00, 0xF1, 0xFF, 0x00, 0x00, 0x00, 0x00, 0x80, 0xFF, 0x09, 0xFA,
    0x8F, 0x00, 0x00, 0x00, 0x00, 0xF1, 0xFF, 0x00, 0x00, 0x00, 0x00, 0x80, 0xFF, 0x09, 0x21, 0x02,
    0x00, 0x61, 0xBA, 0x9B, 0x05, 0x00, 0x00, 0xFA, 0x5F, 0x60, 0xFF, 0xFF, 0xFF, 0xDF, 0x03, 0x00,
    0xFA, 0x5F, 0xFA, 0xFF, 0xFF, 0xFF, 0xFF, 0x2F, 0x00, 0xFA, 0xCF, 0xFF, 0x5B, 0x22, 0xB5, 0xFF,
    0xDF, 0x00, 0xFA, 0xFF, 0x7F, 0x00, 0x00, 0x00, 0xF8, 0xFF, 0x04, 0xFA, 0xFF, 0x09, 0x00, 0x00,
    0x00, 0xD0, 0xFF, 0x08, 0xFA, 0xFF, 0x01, 0x00, 0x00, 0x00, 0x80, 0xFF, 0x0B, 0xFA, 0xBF, 0x00,
    0x00, 0x00, 0x00, 0x60, 0xFF, 0x0C, 0xFA, 0x8F, 0x00, 0x00, 0x00, 0x00, 0x60, 0xFF, 0x0C, 0xFA,
    0x8F, 0x00, 0x00, 0x00, 0x00, 0x60, 0xFF, 0x0C, 0xFA, 0x8F, 0x00, 0x00, 0x00, 0x00, 0x60, 0xFF,
    0x0C, 0xFA, 0x8F, 0x00, 0x00, 0x00, 0x00, 0x60, 0xFF, 0x0C, 0xFA, 0x8F, 0x00, 0x00, 0x00, 0x00,
    0x60, 0xFF, 0x0C, 0xFA, 0x8F, 0x00, 0x00, 0x00, 0x00, 0x60, 0xFF, 0x0C, 0xFA, 0x8F, 0x00, 0x00,
    0x00, 0x00, 0x60, 0xFF, 0x0C, 0xFA, 0x8F, 0x00, 0x00, 0x00, 0x00, 0x60, 0xFF, 0x0C, 0xFA, 0x8F,
    0x00, 0x00, 0x00, 0x00, 0x60, 0xFF, 0x0C, 0xFA, 0x8F, 0x00, 0x00, 0x00, 0x00, 0x60, 0xFF, 0x0C,
    0xFA, 0x8F, 0x00, 0x00, 0x00, 0x00, 0x60, 0xFF, 0x0C, 0xFA, 0x8F, 0x00, 0x00, 0x00, 0x00, 0x60,
    0xFF, 0x0C, 0x00, 0x00, 0x00, 0x61, 0xB9, 0xAB, 0x37, 0x00, 0x00, 0x00, 0x00, 0x00, 0xA1, 0xFF,
    0xFF, 0xFF, 0xFF, 0x3C, 0x00, 0x00, 0x00, 0x40, 0xFE, 0xFF, 0xFF, 0xFF, 0xFF, 0xFF, 0x07, 0x00,
    0x00, 0xF3, 0xFF, 0xBF, 0x25, 0x42, 0xF9, 0xFF, 0x7F, 0x00, 0x10, 0xFE, 0xEF, 0x04, 0x00, 0x00,
    0x10, 0xFC, 0xFF, 0x04, 0x90, 0xFF, 0x2F, 0x00, 0x00, 0x00, 0x00, 0xC0, 0xFF, 0x0D, 0xF0, 0xFF,
    0x06, 0x00, 0x00, 0x00, 0x00, 0x20, 0xFF, 0x4F, 0xF5, 0xFF, 0x00, 0x00, 0x00, 0x00, 0x00, 0x00,
    0xFA, 0x9F, 0xF8, 0xAF, 0x00, 0x00, 0x00, 0x00, 0x00, 0x00, 0xF6, 0xDF, 0xFA, 0x8F, 0x00, 0x00,
    0x00, 0x00, 0x00, 0x00, 0xF3, 0xFF, 0xFA, 0x7F, 0x00, 0x00, 0x00, 0x00, 0x00, 0x00, 0xF3, 0xFF,
    0xF9, 0x8F, 0x00, 0x00, 0x00, 0x00, 0x00, 0x00, 0xF4, 0xEF, 0xF7, 0xBF, 0x00, 0x00, 0x00, 0x00,
    0x00, 0x00, 0xF6, 0xCF, 0xF4, 0xFF, 0x01, 0x00, 0x00, 0x00, 0x00, 0x00, 0xFB, 0x9F, 0xE0, 0xFF,
    0x08, 0x00, 0x00, 0x00, 0x00, 0x30, 0xFF, 0x3F, 0x70, 0xFF, 0x4F, 0x00, 0x00, 0x00, 0x00, 0xE1,
    0xFF, 0x0C, 0x00, 0xFC, 0xFF, 0x06, 0x00, 0x00, 0x30, 0xFD, 0xFF, 0x02, 0x00, 0xE2, 0xFF, 0xDF,
    0x57, 0x64, 0xFB, 0xFF, 0x5F, 0x00, 0x00, 0x20, 0xFD, 0xFF, 0xFF, 0xFF, 0xFF, 0xFF, 0x05, 0x00,
    0x00, 0x00, 0x70, 0xFE, 0xFF, 0xFF, 0xFF, 0x1A, 0x00, 0x00, 0x00, 0x00, 0x00, 0x40, 0x87, 0x79,
    0x15, 0x00, 0x00, 0x00, 0x21, 0x02, 0x00, 0x50, 0xB9, 0xAB, 0x16, 0x00, 0x00, 0x00, 0xFA, 0x5F,
    0x50, 0xFE, 0xFF, 0xFF, 0xFF, 0x09, 0x00, 0x00, 0xFA, 0x5F, 0xF9, 0xFF, 0xFF, 0xFF, 0xFF, 0xDF,
    0x01, 0x00, 0xFA, 0xBF, 0xFF, 0x8F, 0x24, 0x63, 0xFD, 0xFF, 0x0D, 0x00, 0xFA, 0xFF, 0xCF, 0x01,
    0x00, 0x00, 0x80, 0xFF, 0x9F, 0x00, 0xFA, 0xFF, 0x1D, 0x00, 0x00, 0x00, 0x00, 0xF8, 0xFF, 0x02,
    0xFA, 0xFF, 0x03, 0x00, 0x00, 0x00, 0x00, 0xD0, 0xFF, 0x09, 0xFA, 0xDF, 0x00, 0x00, 0x00, 0x00,
    0x00, 0x70, 0xFF, 0x0D, 0xFA, 0x8F, 0x00, 0x00, 0x00, 0x00, 0x00, 0x30, 0xFF, 0x0F, 0xFA, 0x6F,
    0x00, 0x00, 0x00, 0x00, 0x00, 0x00, 0xFF, 0x2F, 0xFA, 0x5F, 0x00, 0x00, 0x00, 0x00, 0x00, 0x00,
    0xFF, 0x2F, 0xFA, 0x6F, 0x00, 0x00, 0x00, 0x00, 0x00, 0x10, 0xFF, 0x1F, 0xFA, 0x9F, 0x00, 0x00,
    0x00, 0x00, 0x00, 0x30, 0xFF, 0x0F, 0xFA, 0xDF, 0x00, 0x00, 0x00, 0x00, 0x00, 0x80, 0xFF, 0x0C,
    0xFA, 0xFF, 0x05, 0x00, 0x00, 0x00, 0x00, 0xE1, 0xFF, 0x07, 0xFA, 0xFF, 0x2E, 0x00, 0x00, 0x00,
    0x00, 0xFB, 0xFF, 0x01, 0xFA, 0xFF, 0xEF, 0x03, 0x00, 0x00, 0xA1, 0xFF, 0x7F, 0x00, 0xFA, 0xCF,
    0xFF, 0xBF, 0x46, 0x95, 0xFE, 0xFF, 0x0B, 0x00, 0xFA, 0x8F, 0xF8, 0xFF, 0xFF, 0xFF, 0xFF, 0xBF,
    0x00, 0x00, 0xFA, 0x8F, 0x50, 0xFD, 0xFF, 0xFF, 0xEF, 0x06, 0x00, 0x00, 0xFA, 0x8F, 0x00, 0x30,
    0x87, 0x78, 0x03, 0x00, 0x00, 0x00, 0xFA, 0x8F, 0x00, 0x00, 0x00, 0x00, 0x00, 0x00, 0x00, 0x00,
    0xFA, 0x8F, 0x00, 0x00, 0x00, 0x00, 0x00, 0x00, 0x00, 0x00, 0xFA, 0x8F, 0x00, 0x00, 0x00, 0x00,
    0x00, 0x00, 0x00, 0x00, 0xFA, 0x8F, 0x00, 0x00, 0x00, 0x00, 0x00, 0x00, 0x00, 0x00, 0xFA, 0x8F,
    0x00, 0x00, 0x00, 0x00, 0x00, 0x00, 0x00, 0x00, 0xFA, 0x8F, 0x00, 0x00, 0x00, 0x00, 0x00, 0x00,
    0x00, 0x00, 0xFA, 0x8F, 0x00, 0x00, 0x00, 0x00, 0x00, 0x00, 0x00, 0x00, 0x10, 0x01, 0x00, 0x00,
    0x00, 0x00, 0x00, 0x00, 0x00, 0x00, 0x00, 0x00, 0x00, 0x84, 0xBB, 0x7A, 0x02, 0x00, 0x21, 0x02,
    0x00, 0x00, 0xD4, 0xFF, 0xFF, 0xFF, 0xAF, 0x01, 0xFD, 0x2F, 0x00, 0x70, 0xFF, 0xFF, 0xFF, 0xFF,
    0xFF, 0x2E, 0xFD, 0x2F, 0x00, 0xF6, 0xFF, 0x9F, 0x24, 0x52, 0xFC, 0xDF, 0xFE, 0x2F, 0x20, 0xFF,
    0xDF, 0x02, 0x00, 0x00, 0x60, 0xFF, 0xFF, 0x2F, 0xA0, 0xFF, 0x1E, 0x00, 0x00, 0x00, 0x00, 0xF6,
    0xFF, 0x2F, 0xF1, 0xFF, 0x05, 0x00, 0x00, 0x00, 0x00, 0xC0, 0xFF, 0x2F, 0xF5, 0xEF, 0x00, 0x00,
    0x00, 0x00, 0x00, 0x50, 0xFF, 0x2F, 0xF8, 0xAF, 0x00, 0x00, 0x00, 0x00, 0x00, 0x00, 0xFF, 0x2F,
    0xFA, 0x8F, 0x00, 0x00, 0x00, 0x00, 0x00, 0x00, 0xFE, 0x2F, 0xFA, 0x7F, 0x00, 0x00, 0x00, 0x00,
    0x00, 0x00, 0xFD, 0x2F, 0xF9, 0x8F, 0x00, 0x00, 0x00, 0x00, 0x00, 0x00, 0xFE, 0x2F, 0xF8, 0xBF,
    0x00, 0x00, 0x00, 0x00, 0x00, 0x10, 0xFF, 0x2F, 0xF4, 0xFF, 0x00, 0x00, 0x00, 0x00, 0x00, 0x50,
    0xFF, 0x2F, 0xF0, 0xFF, 0x07, 0x00, 0x00, 0x00, 0x00, 0xC0, 0xFF, 0x2F, 0x80, 0xFF, 0x3F, 0x00,
    0x00, 0x00, 0x00, 0xF6, 0xFF, 0x2F, 0x10, 0xFE, 0xEF, 0x04, 0x00, 0x00, 0x70, 0xFF, 0xFF, 0x2F,
    0x00, 0xF4, 0xFF, 0xBF, 0x46, 0x75, 0xFD, 0xCF, 0xFF, 0x2F, 0x00, 0x40, 0xFF, 0xFF, 0xFF, 0xFF,
    0xFF, 0x2E, 0xFF, 0x2F, 0x00, 0x00, 0xA2, 0xFF, 0xFF, 0xFF, 0xAF, 0x01, 0xFF, 0x2F, 0x00, 0x00,
    0x00, 0x51, 0x98, 0x58, 0x01, 0x00, 0xFF, 0x2F, 0x00, 0x00, 0x00, 0x00, 0x00, 0x00, 0x00, 0x00,
    0xFF, 0x2F, 0x00, 0x00, 0x00, 0x00, 0x00, 0x00, 0x00, 0x00, 0xFF, 0x2F, 0x00, 0x00, 0x00, 0x00,
    0x00, 0x00, 0x00, 0x00, 0xFF, 0x2F, 0x00, 0x00, 0x00, 0x00, 0x00, 0x00, 0x00, 0x00, 0xFF, 0x2F,
    0x00, 0x00, 0x00, 0x00, 0x00, 0x00, 0x00, 0x00, 0xFF, 0x2F, 0x00, 0x00, 0x00, 0x00, 0x00, 0x00,
    0x00, 0x00, 0xFF, 0x2F, 0x00, 0x00, 0x00, 0x00, 0x00, 0x00, 0x00, 0x00, 0xFF, 0x2F, 0x00, 0x00,
    0x00, 0x00, 0x00, 0x00, 0x00, 0x00, 0x11, 0x01, 0x21, 0x02, 0x00, 0x82, 0xBB, 0x18, 0xFA, 0x5F,
    0x90, 0xFF, 0xFF, 0x4F, 0xFA, 0x5F, 0xFB, 0xFF, 0xFF, 0x4F, 0xFA, 0xBF, 0xFF, 0xAF, 0x98, 0x4C,
    0xFA, 0xFF, 0xBF, 0x01, 0x00, 0x00, 0xFA, 0xFF, 0x0B, 0x00, 0x00, 0x00, 0xFA, 0xFF, 0x02, 0x00,
    0x00, 0x00, 0xFA, 0xBF, 0x00, 0x00, 0x00, 0x00, 0xFA, 0x8F, 0x00, 0x00, 0x00, 0x00, 0xFA, 0x8F,
    0x00, 0x00, 0x00, 0x00, 0xFA, 0x8F, 0x00, 0x00, 0x00, 0x00, 0xFA, 0x8F, 0x00, 0x00, 0x00, 0x00,
    0xFA, 0x8F, 0x00, 0x00, 0x00, 0x00, 0xFA, 0x8F, 0x00, 0x00, 0x00, 0x00, 0xFA, 0x8F, 0x00, 0x00,
    0x00, 0x00, 0xFA, 0x8F, 0x00, 0x00, 0x00, 0x00, 0xFA, 0x8F, 0x00, 0x00, 0x00, 0x00, 0xFA, 0x8F,
    0x00, 0x00, 0x00, 0x00, 0xFA, 0x8F, 0x00, 0x00, 0x00, 0x00, 0xFA, 0x8F, 0x00, 0x00, 0x00, 0x00,
    0x00, 0x00, 0x30, 0xA7, 0xBB, 0x69, 0x01, 0x00, 0x00, 0x00, 0x20, 0xFC, 0xFF, 0xFF, 0xFF, 0x7F,
    0x00, 0x00, 0x00, 0xF3, 0xFF, 0xFF, 0xFF, 0xFF, 0xFF, 0x0A, 0x00, 0x00, 0xFE, 0xFF, 0x27, 0x11,
    0xC5, 0xFF, 0x7F, 0x00, 0x50, 0xFF, 0x2F, 0x00, 0x00, 0x00, 0xF9, 0x8F, 0x00, 0x70, 0xFF, 0x0C,
    0x00, 0x00, 0x00, 0x70, 0x01, 0x00, 0x60, 0xFF, 0x0E, 0x00, 0x00, 0x00, 0x00, 0x00, 0x00, 0x20,
    0xFF, 0xAF, 0x01, 0x00, 0x00, 0x00, 0x00, 0x00, 0x00, 0xFA, 0xFF, 0xBF, 0x26, 0x00, 0x00, 0x00,
    0x00, 0x00, 0x90, 0xFF, 0xFF, 0xFF, 0x9E, 0x03, 0x00, 0x00, 0x00, 0x00, 0xA3, 0xFF, 0xFF, 0xFF,
    0xCF, 0x03, 0x00, 0x00, 0x00, 0x00, 0x51, 0xEA, 0xFF, 0xFF, 0x4F, 0x00, 0x00, 0x00, 0x00, 0x00,
    0x00, 0x93, 0xFF, 0xEF, 0x00, 0x00, 0x00, 0x00, 0x00, 0x00, 0x00, 0xF4, 0xFF, 0x04, 0x00, 0x94,
    0x00, 0x00, 0x00, 0x00, 0xD0, 0xFF, 0x07, 0xD0, 0xFF, 0x07, 0x00, 0x00, 0x00, 0xD0, 0xFF, 0x06,
    0xA0, 0xFF, 0x6F, 0x00, 0x00, 0x00, 0xF4, 0xFF, 0x02, 0x10, 0xFE, 0xFF, 0x7C, 0x34, 0x95, 0xFF,
    0xBF, 0x00, 0x00, 0xE2, 0xFF, 0xFF, 0xFF, 0xFF, 0xFF, 0x1D, 0x00, 0x00, 0x10, 0xF9, 0xFF, 0xFF,
    0xFF, 0x8F, 0x00, 0x00, 0x00, 0x00, 0x00, 0x74, 0x99, 0x47, 0x00, 0x00, 0x00, 0x00, 0x50, 0x88,
    0x04, 0x00, 0x00, 0x00, 0xA0, 0xFF, 0x08, 0x00, 0x00, 0x00, 0xA0, 0xFF, 0x08, 0x00, 0x00, 0x00,
    0xA0, 0xFF, 0x08, 0x00, 0x00, 0x00, 0xA0, 0xFF, 0x08, 0x00, 0x00, 0x22, 0xB2, 0xFF, 0x29, 0x22,
    0x02, 0xFF, 0xFF, 0xFF, 0xFF, 0xFF, 0x3F, 0xFF, 0xFF, 0xFF, 0xFF, 0xFF, 0x3F, 0xBB, 0xEB, 0xFF,
    0xBD, 0xBB, 0x2B, 0x00, 0xA0, 0xFF, 0x08, 0x00, 0x00, 0x00, 0xA0, 0xFF, 0x08, 0x00, 0x00, 0x00,
    0xA0, 0xFF, 0x08, 0x00, 0x00, 0x00, 0xA0, 0xFF, 0x08, 0x00, 0x00, 0x00, 0xA0, 0xFF, 0x08, 0x00,
    0x00, 0x00, 0xA0, 0xFF, 0x08, 0x00, 0x00, 0x00, 0xA0, 0xFF, 0x08, 0x00, 0x00, 0x00, 0xA0, 0xFF,
    0x08, 0x00, 0x00, 0x00, 0xA0, 0xFF, 0x08, 0x00, 0x00, 0x00, 0xA0, 0xFF, 0x08, 0x00, 0x00, 0x00,
    0xA0, 0xFF, 0x08, 0x00, 0x00, 0x00, 0xA0, 0xFF, 0x09, 0x00, 0x00, 0x00, 0x90, 0xFF, 0x0D, 0x00,
    0x00, 0x00, 0x40, 0xFF, 0xCF, 0x56, 0x39, 0x00, 0x00, 0xFC, 0xFF, 0xFF, 0x4F, 0x00, 0x00, 0xB1,
    0xFF, 0xFF, 0x4F, 0x00, 0x00, 0x00, 0x74, 0x89, 0x04, 0x21, 0x02, 0x00, 0x00, 0x00, 0x00, 0x10,
    0x22, 0x01, 0xFD, 0x5F, 0x00, 0x00, 0x00, 0x00, 0x80, 0xFF, 0x0A, 0xFD, 0x5F, 0x00, 0x00, 0x00,
    0x00, 0x80, 0xFF, 0x0A, 0xFD, 0x5F, 0x00, 0x00, 0x00, 0x00, 0x80, 0xFF, 0x0A, 0xFD, 0x5F, 0x00,
    0x00, 0x00, 0x00, 0x80, 0xFF, 0x0A, 0xFD, 0x5F, 0x00, 0x00, 0x00, 0x00, 0x80, 0xFF, 0x0A, 0xFD,
    0x5F, 0x00, 0x00, 0x00, 0x00, 0x80, 0xFF, 0x0A, 0xFD, 0x5F, 0x00, 0x00, 0x00, 0x00, 0x80, 0xFF,
    0x0A, 0xFD, 0x5F, 0x00, 0x00, 0x00, 0x00, 0x80, 0xFF, 0x0A, 0xFD, 0x5F, 0x00, 0x00, 0x00, 0x00,
    0x80, 0xFF, 0x0A, 0xFD, 0x5F, 0x00, 0x00, 0x00, 0x00, 0x80, 0xFF, 0x0A, 0xFD, 0x5F, 0x00, 0x00,
    0x00, 0x00, 0x80, 0xFF, 0x0A, 0xFD, 0x5F, 0x00, 0x00, 0x00, 0x00, 0x90, 0xFF, 0x0A, 0xFC, 0x6F,
    0x00, 0x00, 0x00, 0x00, 0xC0, 0xFF, 0x0A, 0xFB, 0x9F, 0x00, 0x00, 0x00, 0x00, 0xF2, 0xFF, 0x0A,
    0xF8, 0xEF, 0x00, 0x00, 0x00, 0x00, 0xFC, 0xFF, 0x0A, 0xF3, 0xFF, 0x0A, 0x00, 0x00, 0xB0, 0xFF,
    0xFF, 0x0A, 0xB0, 0xFF, 0xDF, 0x47, 0x85, 0xFE, 0xBF, 0xFF, 0x0A, 0x10, 0xFE, 0xFF, 0xFF, 0xFF,
    0xFF, 0x67, 0xFF, 0x0A, 0x00, 0xB1, 0xFF, 0xFF, 0xFF, 0x4D, 0x60, 0xFF, 0x0A, 0x00, 0x00, 0x62,
    0x98, 0x37, 0x00, 0x00, 0x00, 0x00, 0x21, 0x12, 0x00, 0x00, 0x00, 0x00, 0x00, 0x00, 0x22, 0x02,
    0xF8, 0xDF, 0x00, 0x00, 0x00, 0x00, 0x00, 0x90, 0xFF, 0x0A, 0xF2, 0xFF, 0x04, 0x00, 0x00, 0x00,
    0x00, 0xF0, 0xFF, 0x04, 0xB0, 0xFF, 0x0A, 0x00, 0x00, 0x00, 0x00, 0xF6, 0xDF, 0x00, 0x40, 0xFF,
    0x1F, 0x00, 0x00, 0x00, 0x00, 0xFC, 0x7F, 0x00, 0x00, 0xFE, 0x6F, 0x00, 0x00, 0x00, 0x20, 0xFF,
    0x1F, 0x00, 0x00, 0xF8, 0xCF, 0x00, 0x00, 0x00, 0x90, 0xFF, 0x0A, 0x00, 0x00, 0xF1, 0xFF, 0x03,
    0x00, 0x00, 0xE0, 0xFF, 0x03, 0x00, 0x00, 0xB0, 0xFF, 0x09, 0x00, 0x00, 0xF5, 0xDF, 0x00, 0x00,
    0x00, 0x40, 0xFF, 0x0E, 0x00, 0x00, 0xFB, 0x6F, 0x00, 0x00, 0x00, 0x00, 0xFE, 0x5F, 0x00, 0x20,
    0xFF, 0x0F, 0x00, 0x00, 0x00, 0x00, 0xF7, 0xBF, 0x00, 0x80, 0xFF, 0x09, 0x00, 0x00, 0x00, 0x00,
    0xF1, 0xFF, 0x01, 0xE0, 0xFF, 0x03, 0x00, 0x00, 0x00, 0x00, 0xA0, 0xFF, 0x08, 0xF4, 0xCF, 0x00,
    0x00, 0x00, 0x00, 0x00, 0x40, 0xFF, 0x0E, 0xFA, 0x6F, 0x00, 0x00, 0x00, 0x00, 0x00, 0x00, 0xFD,
    0x5F, 0xFF, 0x0F, 0x00, 0x00, 0x00, 0x00, 0x00, 0x00, 0xF7, 0xFF, 0xFF, 0x09, 0x00, 0x00, 0x00,
    0x00, 0x00, 0x00, 0xF1, 0xFF, 0xFF, 0x02, 0x00, 0x00, 0x00, 0x00, 0x00, 0x00, 0xA0, 0xFF, 0xCF,
    0x00, 0x00, 0x00, 0x00, 0x00, 0x00, 0x00, 0x40, 0xFF, 0x5F, 0x00, 0x00, 0x00, 0x00, 0x21, 0x12,
    0x00, 0x00, 0x00, 0x00, 0x20, 0x22, 0x00, 0x00, 0x00, 0x00, 0x00, 0x22, 0x01, 0xF8, 0xBF, 0x00,
    0x00, 0x00, 0x00, 0xF4, 0xFF, 0x06, 0x00, 0x00, 0x00, 0x90, 0xFF, 0x09, 0xF3, 0xFF, 0x00, 0x00,
    0x00, 0x00, 0xF9, 0xFF, 0x0B, 0x00, 0x00, 0x00, 0xD0, 0xFF, 0x04, 0xE0, 0xFF, 0x05, 0x00, 0x00,
    0x00, 0xFE, 0xFF, 0x1F, 0x00, 0x00, 0x00, 0xF2, 0xFF, 0x00, 0x90, 0xFF, 0x09, 0x00, 0x00, 0x30,
    0xFF, 0xFF, 0x5F, 0x00, 0x00, 0x00, 0xF7, 0xAF, 0x00, 0x40, 0xFF, 0x0E, 0x00, 0x00, 0x80, 0xFF,
    0xF7, 0xAF, 0x00, 0x00, 0x00, 0xFC, 0x5F, 0x00, 0x00, 0xFE, 0x3F, 0x00, 0x00, 0xD0, 0xEF, 0xE0,
    0xFF, 0x00, 0x00, 0x10, 0xFF, 0x0F, 0x00, 0x00, 0xF9, 0x8F, 0x00, 0x00, 0xF2, 0x9F, 0xA0, 0xFF,
    0x04, 0x00, 0x50, 0xFF, 0x0A, 0x00, 0x00, 0xF4, 0xCF, 0x00, 0x00, 0xF7, 0x4F, 0x40, 0xFF, 0x09,
    0x00, 0xA0, 0xFF, 0x05, 0x00, 0x00, 0xF0, 0xFF, 0x01, 0x00, 0xFC, 0x0E, 0x00, 0xFF, 0x0E, 0x00,
    0xF0, 0xFF, 0x00, 0x00, 0x00, 0xA0, 0xFF, 0x06, 0x10, 0xFF, 0x0A, 0x00, 0xFA, 0x4F, 0x00, 0xF4,
    0xBF, 0x00, 0x00, 0x00, 0x50, 0xFF, 0x0B, 0x60, 0xFF, 0x05, 0x00, 0xF5, 0x9F, 0x00, 0xF9, 0x6F,
    0x00, 0x00, 0x00, 0x00, 0xFF, 0x0F, 0xB0, 0xFF, 0x00, 0x00, 0xF0, 0xEF, 0x00, 0xFD, 0x1F, 0x00,
    0x00, 0x00, 0x00, 0xFB, 0x4F, 0xF1, 0xAF, 0x00, 0x00, 0xB0, 0xFF, 0x23, 0xFF, 0x0B, 0x00, 0x00,
    0x00, 0x00, 0xF6, 0x9F, 0xF5, 0x5F, 0x00, 0x00, 0x50, 0xFF, 0x78, 0xFF, 0x06, 0x00, 0x00, 0x00,
    0x00, 0xF1, 0xEF, 0xFA, 0x1F, 0x00, 0x00, 0x10, 0xFF, 0xCD, 0xFF, 0x01, 0x00, 0x00, 0x00, 0x00,
    0xC0, 0xFF, 0xFF, 0x0B, 0x00, 0x00, 0x00, 0xFB, 0xFF, 0xCF, 0x00, 0x00, 0x00, 0x00, 0x00, 0x70,
    0xFF, 0xFF, 0x06, 0x00, 0x00, 0x00, 0xF6, 0xFF, 0x6F, 0x00, 0x00, 0x00, 0x00, 0x00, 0x10, 0xFF,
    0xFF, 0x01, 0x00, 0x00, 0x00, 0xF1, 0xFF, 0x1F, 0x00, 0x00, 0x00, 0x00, 0x00, 0x00, 0xFC, 0xCF,
    0x00, 0x00, 0x00, 0x00, 0xC0, 0xFF, 0x0C, 0x00, 0x00, 0x00, 0x00, 0x00, 0x00, 0x00, 0x00, 0x00,
    0x00, 0x00, 0x00, 0x00, 0x00, 0x00, 0x00, 0x00, 0x00, 0x21, 0x22, 0x00, 0x00, 0x00, 0x00, 0x00,
    0x21, 0x12, 0xF2, 0xFF, 0x08, 0x00, 0x00, 0x00, 0x40, 0xFF, 0x5F, 0x60, 0xFF, 0x3F, 0x00, 0x00,
    0x00, 0xE0, 0xFF, 0x0A, 0x00, 0xFA, 0xDF, 0x00, 0x00, 0x00, 0xFA, 0xEF, 0x00, 0x00, 0xE1, 0xFF,
    0x09, 0x00, 0x50, 0xFF, 0x3F, 0x00, 0x00, 0x40, 0xFF, 0x4F, 0x00, 0xE1, 0xFF, 0x08, 0x00, 0x00,
    0x00, 0xF8, 0xEF, 0x01, 0xFB, 0xCF, 0x00, 0x00, 0x00, 0x00, 0xD0, 0xFF, 0x6A, 0xFF, 0x2F, 0x00,
    0x00, 0x00, 0x00, 0x20, 0xFF, 0xFF, 0xFF, 0x05, 0x00, 0x00, 0x00, 0x00, 0x00, 0xF6, 0xFF, 0xAF,
    0x00, 0x00, 0x00, 0x00, 0x00, 0x00, 0xF2, 0xFF, 0x3F, 0x00, 0x00, 0x00, 0x00, 0x00, 0x00, 0xFC,
    0xFF, 0xCF, 0x00, 0x00, 0x00, 0x00, 0x00, 0x80, 0xFF, 0xDE, 0xFF, 0x08, 0x00, 0x00, 0x00, 0x00,
    0xF3, 0xFF, 0x24, 0xFF, 0x3F, 0x00, 0x00, 0x00, 0x00, 0xFD, 0x9F, 0x00, 0xF8, 0xDF, 0x00, 0x00,
    0x00, 0x90, 0xFF, 0x0D, 0x00, 0xD0, 0xFF, 0x09, 0x00, 0x00, 0xF4, 0xFF, 0x03, 0x00, 0x30, 0xFF,
    0x5F, 0x00, 0x10, 0xFE, 0x9F, 0x00, 0x00, 0x00, 0xF8, 0xEF, 0x01, 0xB0, 0xFF, 0x0D, 0x00, 0x00,
    0x00, 0xD0, 0xFF, 0x0B, 0xF6, 0xFF, 0x03, 0x00, 0x00, 0x00, 0x30, 0xFF, 0x6F, 0x21, 0x12, 0x00,
    0x00, 0x00, 0x00, 0x00, 0x10, 0x22, 0x02, 0xF7, 0xEF, 0x00, 0x00, 0x00, 0x00, 0x00, 0xC0, 0xFF,
    0x0A, 0xF1, 0xFF, 0x05, 0x00, 0x00, 0x00, 0x00, 0xF2, 0xFF, 0x03, 0x90, 0xFF, 0x0C, 0x00, 0x00,
    0x00, 0x00, 0xF9, 0xCF, 0x00, 0x20, 0xFF, 0x3F, 0x00, 0x00, 0x00, 0x00, 0xFF, 0x5F, 0x00, 0x00,
    0xFB, 0xAF, 0x00, 0x00, 0x00, 0x60, 0xFF, 0x0E, 0x00, 0x00, 0xF4, 0xFF, 0x01, 0x00, 0x00, 0xC0,
    0xFF, 0x07, 0x00, 0x00, 0xD0, 0xFF, 0x07, 0x00, 0x00, 0xF3, 0xFF, 0x01, 0x00, 0x00, 0x60, 0xFF,
    0x0E, 0x00, 0x00, 0xF9, 0x9F, 0x00, 0x00, 0x00, 0x00, 0xFE, 0x5F, 0x00, 0x00, 0xFF, 0x2F, 0x00,
    0x00, 0x00, 0x00, 0xF7, 0xCF, 0x00, 0x60, 0xFF, 0x0B, 0x00, 0x00, 0x00, 0x00, 0xF1, 0xFF, 0x03,
    0xD0, 0xFF, 0x04, 0x00, 0x00, 0x00, 0x00, 0x90, 0xFF, 0x0A, 0xF3, 0xDF, 0x00, 0x00, 0x00, 0x00,
    0x00, 0x20, 0xFF, 0x1F, 0xFA, 0x7F, 0x00, 0x00, 0x00, 0x00, 0x00, 0x00, 0xFB, 0x7F, 0xFF, 0x0F,
    0x00, 0x00, 0x00, 0x00, 0x00, 0x00, 0xF4, 0xFF, 0xFF, 0x09, 0x00, 0x00, 0x00, 0x00, 0x00, 0x00,
    0xC0, 0xFF, 0xFF, 0x02, 0x00, 0x00, 0x00, 0x00, 0x00, 0x00, 0x50, 0xFF, 0xBF, 0x00, 0x00, 0x00,
    0x00, 0x00, 0x00, 0x00, 0x00, 0xFF, 0x4F, 0x00, 0x00, 0x00, 0x00, 0x00, 0x00, 0x00, 0x30, 0xFF,
    0x0D, 0x00, 0x00, 0x00, 0x00, 0x00, 0x00, 0x00, 0xA0, 0xFF, 0x06, 0x00, 0x00, 0x00, 0x00, 0x00,
    0x00, 0x00, 0xF2, 0xFF, 0x00, 0x00, 0x00, 0x00, 0x00, 0x00, 0x00, 0x00, 0xF9, 0x8F, 0x00, 0x00,
    0x00, 0x00, 0x00, 0x00, 0x00, 0x10, 0xFF, 0x2F, 0x00, 0x00, 0x00, 0x00, 0x00, 0x00, 0x00, 0x70,
    0xFF, 0x0B, 0x00, 0x00, 0x00, 0x00, 0x00, 0x00, 0x00, 0xE0, 0xFF, 0x04, 0x00, 0x00, 0x00, 0x00,
    0x00, 0x00, 0x00, 0xF6, 0xDF, 0x00, 0x00, 0x00, 0x00, 0x00, 0x00, 0x00, 0x00, 0xFD, 0x6F, 0x00,
    0x00, 0x00, 0x00, 0x00, 0x00, 0x00, 0x00, 0x11, 0x01, 0x00, 0x00, 0x00, 0x00, 0x00, 0x00, 0x21,
    0x22, 0x22, 0x22, 0x22, 0x22, 0x22, 0x02, 0xF8, 0xFF, 0xFF, 0xFF, 0xFF, 0xFF, 0xFF, 0x5F, 0xF8,
    0xFF, 0xFF, 0xFF, 0xFF, 0xFF, 0xFF, 0x5F, 0xB5, 0xBB, 0xBB, 0xBB, 0xBB, 0xEB, 0xFF, 0x3F, 0x00,
    0x00, 0x00, 0x00, 0x00, 0xF3, 0xFF, 0x08, 0x00, 0x00, 0x00, 0x00, 0x20, 0xFE, 0xBF, 0x00, 0x00,
    0x00, 0x00, 0x00, 0xD1, 0xFF, 0x0D, 0x00, 0x00, 0x00, 0x00, 0x00, 0xFB, 0xEF, 0x01, 0x00, 0x00,
    0x00, 0x00, 0x90, 0xFF, 0x3F, 0x00, 0x00, 0x00, 0x00, 0x00, 0xF6, 0xFF, 0x05, 0x00, 0x00, 0x00,
    0x00, 0x30, 0xFF, 0x8F, 0x00, 0x00, 0x00, 0x00, 0x00, 0xE2, 0xFF, 0x0B, 0x00, 0x00, 0x00, 0x00,
    0x00, 0xFD, 0xDF, 0x00, 0x00, 0x00, 0x00, 0x00, 0xB0, 0xFF, 0x1E, 0x00, 0x00, 0x00, 0x00, 0x00,
    0xF8, 0xFF, 0x03, 0x00, 0x00, 0x00, 0x00, 0x60, 0xFF, 0x5F, 0x00, 0x00, 0x00, 0x00, 0x00, 0xF3,
    0xFF, 0x08, 0x00, 0x00, 0x00, 0x00, 0x00, 0xFD, 0xFF, 0xEE, 0xEE, 0xEE, 0xEE, 0xEE, 0x8E, 0xFD,
    0xFF, 0xFF, 0xFF, 0xFF, 0xFF, 0xFF, 0x9F, 0xFD, 0xFF, 0xFF, 0xFF, 0xFF, 0xFF, 0xFF, 0x9F, 0x00,
    0x00, 0x63, 0x46, 0x00, 0x00, 0x00, 0xB1, 0xFF, 0xFF, 0x3D, 0x00, 0x10, 0xFD, 0xFF, 0xFE, 0xFF,
    0x03, 0x80, 0xFF, 0x07, 0x40, 0xFF, 0x0C, 0xE0, 0xBF, 0x00, 0x00, 0xF7, 0x2F, 0xF0, 0x7F, 0x00,
    0x00, 0xF3, 0x4F, 0xF0, 0x9F, 0x00, 0x00, 0xF5, 0x3F, 0xB0, 0xFF, 0x02, 0x10, 0xFD, 0x0E, 0x30,
    0xFF, 0x9F, 0xE9, 0xFF, 0x06, 0x00, 0xF5, 0xFF, 0xFF, 0x8F, 0x00, 0x00, 0x10, 0xB8, 0x9B, 0x03,
    0x00,
};
// GlyphProps[width, height, advance_x, left, top, compressed_size, data_offset, code_point]
GFXglyph GoogleSansFlex_18pt_Regular_Glyphs[] = {
    { 0, 0, 8, 0, 0, 0, 0 }, // ' '
    { 30, 29, 31, 1, 28, 435, 0 }, // '%'
    { 10, 36, 12, 2, 31, 180, 435 }, // '('
    { 10, 36, 12, 0, 31, 180, 615 }, // ')'
    { 12, 3, 13, 0, 14, 18, 795 }, // '-'
    { 5, 6, 9, 2, 5, 18, 813 }, // '.'
    { 12, 27, 11, 0, 27, 162, 831 }, // '/'
    { 22, 29, 24, 1, 28, 319, 993 }, // '0'
    { 10, 27, 14, 1, 27, 135, 1312 }, // '1'
    { 17, 28, 20, 1, 28, 252, 1447 }, // '2'
    { 18, 29, 20, 1, 28, 261, 1699 }, // '3'
    { 20, 27, 22, 1, 27, 270, 1960 }, // '4'
    { 19, 28, 21, 1, 27, 280, 2230 }, // '5'
    { 19, 29, 21, 1, 28, 290, 2510 }, // '6'
    { 17, 28, 19, 1, 27, 252, 2800 }, // '7'
    { 19, 29, 21, 1, 28, 290, 3052 }, // '8'
    { 19, 29, 21, 1, 28, 290, 3342 }, // '9'
    { 5, 21, 9, 2, 20, 63, 3632 }, // ':'
    { 25, 27, 25, 0, 27, 351, 3695 }, // 'A'
    { 20, 27, 23, 2, 27, 270, 4046 }, // 'B'
    { 26, 29, 28, 1, 28, 377, 4316 }, // 'C'
    { 23, 27, 26, 2, 27, 324, 4693 }, // 'D'
    { 17, 27, 21, 2, 27, 243, 5017 }, // 'E'
    { 16, 27, 20, 2, 27, 216, 5260 }, // 'F'
    { 28, 29, 30, 1, 28, 406, 5476 }, // 'G'
    { 22, 27, 26, 2, 27, 297, 5882 }, // 'H'
    { 5, 27, 9, 2, 27, 81, 6179 }, // 'I'
    { 18, 28, 20, 0, 27, 252, 6260 }, // 'J'
    { 22, 27, 23, 2, 27, 297, 6512 }, // 'K'
    { 16, 27, 19, 2, 27, 216, 6809 }, // 'L'
    { 28, 27, 32, 2, 27, 378, 7025 }, // 'M'
    { 22, 27, 26, 2, 27, 297, 7403 }, // 'N'
    { 29, 29, 31, 1, 28, 435, 7700 }, // 'O'
    { 19, 27, 22, 2, 27, 270, 8135 }, // 'P'
    { 29, 31, 31, 1, 28, 465, 8405 }, // 'Q'
    { 20, 27, 22, 2, 27, 270, 8870 }, // 'R'
    { 19, 29, 21, 1, 28, 290, 9140 }, // 'S'
    { 20, 27, 20, 0, 27, 270, 9430 }, // 'T'
    { 21, 28, 24, 2, 27, 308, 9700 }, // 'U'
    { 24, 27, 24, 0, 27, 324, 10008 }, // 'V'
    { 35, 27, 35, 0, 27, 486, 10332 }, // 'W'
    { 24, 27, 24, 0, 27, 324, 10818 }, // 'X'
    { 22, 27, 22, 0, 27, 297, 11142 }, // 'Y'
    { 19, 27, 21, 1, 27, 270, 11439 }, // 'Z'
    { 17, 21, 20, 1, 20, 189, 11709 }, // 'a'
    { 20, 28, 22, 2, 27, 280, 11898 }, // 'b'
    { 19, 21, 20, 1, 20, 210, 12178 }, // 'c'
    { 20, 28, 22, 1, 27, 280, 12388 }, // 'd'
    { 19, 21, 21, 1, 20, 210, 12668 }, // 'e'
    { 13, 28, 14, 1, 28, 196, 12878 }, // 'f'
    { 19, 29, 22, 1, 20, 290, 13074 }, // 'g'
    { 17, 27, 21, 2, 27, 243, 13364 }, // 'h'
    { 5, 28, 8, 2, 28, 84, 13607 }, // 'i'
    { 11, 37, 8, -4, 28, 222, 13691 }, // 'j'
    { 18, 27, 19, 2, 27, 243, 13913 }, // 'k'
    { 4, 27, 8, 2, 27, 54, 14156 }, // 'l'
    { 29, 20, 33, 2, 20, 300, 14210 }, // 'm'
    { 17, 20, 21, 2, 20, 180, 14510 }, // 'n'
    { 20, 21, 22, 1, 20, 210, 14690 }, // 'o'
    { 20, 29, 22, 2, 20, 290, 14900 }, // 'p'
    { 20, 29, 22, 1, 20, 290, 15190 }, // 'q'
    { 12, 20, 14, 2, 20, 120, 15480 }, // 'r'
    { 17, 21, 18, 0, 20, 189, 15600 }, // 's'
    { 12, 26, 14, 1, 25, 156, 15789 }, // 't'
    { 17, 21, 21, 2, 20, 189, 15945 }, // 'u'
    { 19, 20, 19, 0, 20, 200, 16134 }, // 'v'
    { 29, 21, 29, 0, 20, 315, 16334 }, // 'w'
    { 18, 20, 18, 0, 20, 180, 16649 }, // 'x'
    { 19, 29, 19, 0, 20, 290, 16829 }, // 'y'
    { 16, 20, 18, 1, 20, 160, 17119 }, // 'z'
    { 12, 11, 12, 0, 28, 66, 17279 }, // '°'
};
UnicodeInterval GoogleSansFlex_18pt_Regular_Intervals[] = {
    { 0x20, 0x20, 0x0 },
    { 0x25, 0x25, 0x1 },
    { 0x28, 0x29, 0x2 },
    { 0x2D, 0x3A, 0x4 },
    { 0x41, 0x5A, 0x12 },
    { 0x61, 0x7A, 0x2C },
    { 0xB0, 0xB0, 0x46 },
};
GFXfont GoogleSansFlex_18pt_Regular = {
    (uint8_t*)GoogleSansFlex_18pt_Regular_Bitmaps, // (*bitmap) Glyph bitmap pointer, all concatenated together
    (GFXglyph*)GoogleSansFlex_18pt_Regular_Glyphs, // glyphs Glyph array
    (UnicodeInterval*)GoogleSansFlex_18pt_Regular_Intervals, // intervals Valid unicode intervals for this font
    7,   // interval_count Number of unicode intervals.intervals
    0, // compressed Does this font use compressed glyph bitmaps?
    47, // advance_y Newline distance (y axis)
    37, // ascender Maximal height of a glyph above the base line
    -11, // descender Maximal height of a glyph below the base line
};
/*
Included intervals
    ( 32, 32), ie. ' ' -  ' '
    ( 37, 37), ie. '%' -  '%'
    ( 40, 41), ie. '(' -  ')'
    ( 45, 58), ie. '-' -  ':'
    ( 65, 90), ie. 'A' -  'Z'
    ( 97, 122), ie. 'a' -  'z'
    ( 176, 176), ie. '°' -  '°'

*/
